{"stats":{"minecraft:custom":{"minecraft:time_since_rest":4367,"minecraft:sprint_one_cm":111709,"minecraft:damage_taken":240,"minecraft:walk_one_cm":112574,"minecraft:mob_kills":12,"minecraft:damage_dealt":1324,"minecraft:interact_with_crafting_table":3,"minecraft:fly_one_cm":25290,"minecraft:open_chest":4,"minecraft:play_one_minute":25451,"minecraft:jump":235,"minecraft:leave_game":2,"minecraft:time_since_death":25451,"minecraft:sleep_in_bed":2,"minecraft:fall_one_cm":3669},"minecraft:crafted":{"minecraft:wooden_sword":1,"minecraft:oak_planks":16,"minecraft:wooden_shovel":1,"minecraft:stick":8,"minecraft:wooden_pickaxe":1,"minecraft:wooden_axe":1},"minecraft:killed":{"minecraft:sheep":1,"minecraft:skeleton":1,"minecraft:zombie":3,"minecraft:chicken":2,"minecraft:cow":3},"minecraft:mined":{"minecraft:large_fern":6,"simplefarming:raspberry_bush":2,"minecraft:sweet_berry_bush":4,"minecraft:spruce_log":1,"minecraft:oak_log":4,"minecraft:dirt":1,"minecraft:stone":4,"minecraft:fern":1},"minecraft:used":{"minecraft:wooden_pickaxe":5,"simplefarming:sorghum":6,"minecraft:wooden_sword":36,"minecraft:sweet_berries":7,"simplefarming:raspberries":5},"minecraft:picked_up":{"minecraft:feather":2,"minecraft:chicken":2,"minecraft:sweet_berries":4,"minecraft:leather":4,"minecraft:porkchop":1,"simplefarming:raspberries":5,"minecraft:oak_log":4,"minecraft:spruce_log":1,"simplefarming:raspberry_bush":2,"minecraft:dirt":1,"minecraft:arrow":2,"minecraft:rotten_flesh":14,"minecraft:beef":6,"minecraft:light_gray_wool":1,"simplefarming:sorghum":6,"minecraft:mutton":1,"minecraft:cobblestone":4}},"DataVersion":2586}