{"stats":{"minecraft:custom":{"minecraft:interact_with_furnace":13,"minecraft:mob_kills":12,"minecraft:interact_with_crafting_table":10,"goblintraders:trade_with_goblin":1,"minecraft:play_one_minute":49451,"minecraft:bell_ring":7,"minecraft:leave_game":2,"minecraft:time_since_death":49451,"minecraft:sleep_in_bed":2,"minecraft:climb_one_cm":2940,"minecraft:time_since_rest":28367,"minecraft:sprint_one_cm":197695,"minecraft:damage_taken":479,"minecraft:walk_one_cm":199496,"minecraft:damage_dealt":1394,"minecraft:fly_one_cm":46471,"minecraft:open_chest":7,"minecraft:crouch_one_cm":1631,"minecraft:sneak_time":650,"minecraft:walk_under_water_one_cm":106,"minecraft:jump":426,"minecraft:walk_on_water_one_cm":398,"minecraft:fall_one_cm":6176},"minecraft:crafted":{"minecraft:cooked_beef":6,"minecraft:wooden_sword":1,"minecraft:oak_planks":16,"minecraft:wooden_shovel":1,"minecraft:coal":1,"minecraft:cooked_porkchop":1,"minecraft:leather_boots":1,"minecraft:spruce_planks":114,"minecraft:wooden_pickaxe":1,"minecraft:cooked_chicken":2,"minecraft:furnace":1,"minecraft:stone_axe":1,"minecraft:cooked_mutton":1,"minecraft:air":0,"minecraft:charcoal":6,"minecraft:stick":12,"minecraft:stone_pickaxe":1,"minecraft:wooden_axe":1,"minecraft:stone_sword":1},"minecraft:killed":{"minecraft:sheep":1,"minecraft:skeleton":1,"minecraft:zombie":3,"minecraft:chicken":2,"minecraft:cow":3},"minecraft:mined":{"simplefarming:raspberry_bush":2,"minecraft:spruce_leaves":2,"minecraft:large_fern":6,"minecraft:furnace":1,"minecraft:iron_ore":6,"minecraft:sweet_berry_bush":4,"minecraft:spruce_log":35,"minecraft:coal_ore":9,"minecraft:potatoes":7,"minecraft:oak_log":4,"minecraft:dirt":1,"minecraft:cobweb":9,"minecraft:stone":24,"minecraft:fern":1},"minecraft:used":{"minecraft:stone_pickaxe":19,"minecraft:spruce_planks":4,"minecraft:wooden_pickaxe":22,"simplefarming:sorghum":6,"minecraft:iron_sword":10,"epicfight:iron_longsword":1,"minecraft:dirt":1,"simplefarming:raspberries":5,"minecraft:wooden_axe":9,"minecraft:stone_axe":27,"minecraft:wooden_sword":36,"minecraft:sweet_berries":7,"minecraft:furnace":1,"minecraft:cooked_porkchop":1,"minecraft:cooked_beef":2,"minecraft:potato":5},"minecraft:picked_up":{"minecraft:feather":2,"minecraft:chicken":2,"minecraft:andesite":2,"minecraft:leather":4,"minecraft:potato":7,"minecraft:oak_log":4,"epicfight:iron_longsword":1,"minecraft:string":3,"minecraft:dirt":1,"minecraft:beef":6,"minecraft:iron_ore":19,"minecraft:light_gray_wool":1,"minecraft:iron_sword":1,"minecraft:furnace":1,"minecraft:stick":2,"minecraft:cooked_porkchop":3,"minecraft:sweet_berries":4,"minecraft:torch":1,"minecraft:porkchop":1,"simplefarming:raspberries":5,"minecraft:spruce_log":35,"simplefarming:raspberry_bush":2,"minecraft:arrow":2,"minecraft:rotten_flesh":14,"simplefarming:sorghum":6,"minecraft:mutton":1,"minecraft:coal":9,"minecraft:rail":1,"minecraft:cobblestone":25}},"DataVersion":2586}