{"stats":{"minecraft:custom":{"minecraft:time_since_rest":16367,"minecraft:interact_with_furnace":12,"minecraft:sprint_one_cm":150405,"minecraft:damage_taken":250,"minecraft:walk_one_cm":159010,"minecraft:mob_kills":12,"minecraft:damage_dealt":1324,"minecraft:interact_with_crafting_table":10,"minecraft:fly_one_cm":39968,"minecraft:open_chest":5,"minecraft:play_one_minute":37451,"minecraft:sneak_time":4,"minecraft:bell_ring":7,"minecraft:walk_under_water_one_cm":106,"minecraft:jump":349,"minecraft:leave_game":2,"minecraft:walk_on_water_one_cm":398,"minecraft:time_since_death":37451,"minecraft:sleep_in_bed":2,"minecraft:fall_one_cm":4900},"minecraft:crafted":{"minecraft:cooked_beef":6,"minecraft:wooden_sword":1,"minecraft:oak_planks":16,"minecraft:wooden_shovel":1,"minecraft:cooked_porkchop":1,"minecraft:charcoal":6,"minecraft:leather_boots":1,"minecraft:spruce_planks":6,"minecraft:stick":12,"minecraft:cooked_chicken":2,"minecraft:wooden_pickaxe":1,"minecraft:stone_pickaxe":1,"minecraft:wooden_axe":1,"minecraft:stone_sword":1,"minecraft:furnace":1,"minecraft:stone_axe":1,"minecraft:cooked_mutton":1,"minecraft:air":0},"minecraft:killed":{"minecraft:sheep":1,"minecraft:skeleton":1,"minecraft:zombie":3,"minecraft:chicken":2,"minecraft:cow":3},"minecraft:mined":{"minecraft:large_fern":6,"simplefarming:raspberry_bush":2,"minecraft:furnace":1,"minecraft:sweet_berry_bush":4,"minecraft:spruce_log":21,"minecraft:potatoes":7,"minecraft:oak_log":4,"minecraft:dirt":1,"minecraft:spruce_leaves":2,"minecraft:stone":21,"minecraft:fern":1},"minecraft:used":{"minecraft:wooden_axe":9,"minecraft:stone_pickaxe":1,"minecraft:wooden_pickaxe":22,"simplefarming:sorghum":6,"minecraft:stone_axe":13,"minecraft:wooden_sword":36,"minecraft:sweet_berries":7,"minecraft:furnace":1,"minecraft:cooked_beef":2,"minecraft:potato":5,"simplefarming:raspberries":5},"minecraft:picked_up":{"minecraft:stick":2,"minecraft:feather":2,"minecraft:chicken":2,"minecraft:sweet_berries":4,"minecraft:leather":4,"minecraft:potato":7,"minecraft:porkchop":1,"simplefarming:raspberries":5,"minecraft:oak_log":4,"minecraft:spruce_log":20,"simplefarming:raspberry_bush":2,"minecraft:dirt":1,"minecraft:arrow":2,"minecraft:rotten_flesh":14,"minecraft:beef":6,"minecraft:light_gray_wool":1,"simplefarming:sorghum":6,"minecraft:mutton":1,"minecraft:cobblestone":21,"minecraft:furnace":1}},"DataVersion":2586}