{"stats":{"minecraft:custom":{"minecraft:jump":47,"minecraft:open_chest":1,"minecraft:time_since_rest":2776,"minecraft:leave_game":1,"minecraft:play_one_minute":6907,"minecraft:sprint_one_cm":34532,"minecraft:damage_taken":60,"minecraft:time_since_death":6907,"minecraft:walk_one_cm":15129,"minecraft:sleep_in_bed":1,"minecraft:fall_one_cm":1788,"minecraft:fly_one_cm":5217},"minecraft:mined":{"minecraft:oak_log":4,"minecraft:large_fern":1},"minecraft:picked_up":{"minecraft:oak_log":4,"minecraft:rotten_flesh":2}},"DataVersion":2586}