{"stats":{"minecraft:custom":{"minecraft:open_chest":3,"minecraft:time_since_rest":9828,"minecraft:play_one_minute":13959,"minecraft:sprint_one_cm":39490,"minecraft:damage_taken":60,"minecraft:walk_one_cm":78594,"minecraft:mob_kills":2,"minecraft:jump":103,"minecraft:damage_dealt":40,"minecraft:leave_game":1,"minecraft:time_since_death":13959,"minecraft:sleep_in_bed":1,"minecraft:fly_one_cm":8296,"minecraft:fall_one_cm":1997},"minecraft:killed":{"minecraft:chicken":2},"minecraft:mined":{"minecraft:large_fern":6,"minecraft:oak_log":4,"minecraft:sweet_berry_bush":4,"minecraft:spruce_log":1,"minecraft:fern":1},"minecraft:used":{"minecraft:sweet_berries":7},"minecraft:picked_up":{"minecraft:feather":2,"minecraft:chicken":2,"minecraft:rotten_flesh":2,"minecraft:sweet_berries":4,"minecraft:oak_log":4,"simplefarming:sorghum":6,"minecraft:spruce_log":1}},"DataVersion":2586}