{"stats":{"minecraft:custom":{"minecraft:interact_with_furnace":24,"minecraft:mob_kills":14,"minecraft:interact_with_crafting_table":20,"goblintraders:trade_with_goblin":1,"minecraft:play_one_minute":73451,"minecraft:bell_ring":7,"minecraft:leave_game":2,"minecraft:time_since_death":73451,"minecraft:sleep_in_bed":2,"minecraft:climb_one_cm":2940,"minecraft:time_since_rest":52367,"minecraft:sprint_one_cm":238090,"minecraft:damage_taken":699,"minecraft:walk_one_cm":266666,"minecraft:damage_dealt":1794,"minecraft:fly_one_cm":53306,"minecraft:open_chest":8,"minecraft:crouch_one_cm":3514,"minecraft:sneak_time":2198,"minecraft:walk_under_water_one_cm":106,"minecraft:jump":529,"minecraft:walk_on_water_one_cm":398,"minecraft:interact_with_smoker":3,"minecraft:fall_one_cm":6654},"minecraft:crafted":{"minecraft:cooked_beef":6,"minecraft:wooden_sword":1,"minecraft:oak_planks":16,"minecraft:wooden_shovel":1,"minecraft:coal":1,"minecraft:cooked_porkchop":1,"minecraft:leather_boots":1,"minecraft:spruce_planks":114,"minecraft:wooden_pickaxe":1,"minecraft:cooked_chicken":2,"minecraft:furnace":2,"minecraft:stone":3,"minecraft:stone_axe":1,"minecraft:cooked_mutton":1,"minecraft:air":0,"minecraft:charcoal":6,"minecraft:stick":12,"minecraft:iron_ingot":14,"minecraft:stone_pickaxe":1,"minecraft:wooden_axe":1,"minecraft:stone_sword":1,"minecraft:iron_leggings":1,"minecraft:smoker":1},"minecraft:killed":{"minecraft:sheep":1,"minecraft:skeleton":1,"minecraft:zombie":5,"minecraft:chicken":2,"minecraft:cow":3},"minecraft:mined":{"simplefarming:raspberry_bush":2,"minecraft:oak_fence":1,"minecraft:spruce_leaves":6,"minecraft:oak_planks":1,"minecraft:diorite":1,"minecraft:wall_torch":1,"minecraft:large_fern":6,"minecraft:furnace":3,"minecraft:iron_ore":39,"minecraft:sweet_berry_bush":4,"minecraft:spruce_log":39,"minecraft:coal_ore":25,"minecraft:potatoes":7,"minecraft:oak_log":4,"minecraft:gravel":4,"minecraft:dirt":1,"minecraft:cobweb":12,"minecraft:stone":34,"minecraft:fern":1},"minecraft:used":{"minecraft:stone_pickaxe":82,"minecraft:spruce_planks":7,"minecraft:wooden_pickaxe":22,"simplefarming:sorghum":6,"minecraft:iron_sword":25,"epicfight:iron_longsword":1,"minecraft:torch":14,"minecraft:dirt":1,"minecraft:smoker":1,"simplefarming:raspberries":5,"minecraft:wooden_axe":9,"minecraft:stone_axe":31,"minecraft:wooden_sword":36,"minecraft:cobblestone":6,"minecraft:sweet_berries":7,"minecraft:furnace":3,"minecraft:cooked_porkchop":4,"minecraft:cooked_beef":2,"minecraft:potato":8},"minecraft:picked_up":{"minecraft:feather":2,"minecraft:chicken":2,"minecraft:andesite":2,"minecraft:leather":4,"minecraft:potato":7,"minecraft:oak_log":4,"epicfight:iron_longsword":1,"minecraft:string":6,"minecraft:dirt":1,"minecraft:beef":6,"minecraft:iron_ore":51,"minecraft:light_gray_wool":1,"minecraft:iron_sword":1,"minecraft:furnace":3,"minecraft:stick":2,"minecraft:cooked_porkchop":3,"minecraft:sweet_berries":4,"minecraft:torch":2,"minecraft:gravel":4,"minecraft:porkchop":1,"simplefarming:raspberries":5,"minecraft:spruce_sapling":1,"minecraft:diorite":1,"minecraft:spruce_log":39,"simplefarming:raspberry_bush":2,"minecraft:arrow":2,"minecraft:rotten_flesh":16,"simplefarming:sorghum":6,"minecraft:mutton":1,"minecraft:coal":35,"minecraft:rail":1,"minecraft:cobblestone":34}},"DataVersion":2586}