{"stats":{"minecraft:used":{"minecraft:stone_pickaxe":78,"minecraft:baked_potato":9,"minecraft:ladder":23,"minecraft:wooden_pickaxe":10,"minecraft:birch_boat":1,"minecraft:spruce_planks":10,"minecraft:shield":13,"minecraft:iron_sword":59,"minecraft:torch":12,"minecraft:dirt":14,"minecraft:mutton":1,"minecraft:crafting_table":4,"minecraft:blast_furnace":1,"simplefarming:raspberries":1,"minecraft:spruce_log":1,"minecraft:wooden_axe":50,"minecraft:bread":7,"minecraft:iron_pickaxe":92,"minecraft:barrel":1,"minecraft:cobblestone":3,"minecraft:purple_bed":1,"minecraft:sweet_berries":10,"minecraft:cooked_porkchop":6,"minecraft:cooked_beef":3},"minecraft:killed":{"minecraft:pig":4,"minecraft:witch":1,"minecraft:zombie_villager":1,"minecraft:spider":1,"minecraft:sheep":1,"minecraft:skeleton":1,"minecraft:zombie":7,"minecraft:cow":5},"minecraft:dropped":{"minecraft:iron_ingot":7,"minecraft:wheat_seeds":45,"minecraft:baked_potato":10,"minecraft:wheat":10,"minecraft:rotten_flesh":24,"minecraft:cobblestone":5,"minecraft:oak_planks":18,"minecraft:spruce_stairs":2,"minecraft:dirt":4,"minecraft:melon_seeds":4,"minecraft:leather_boots":1,"minecraft:magma_block":1,"minecraft:string":6,"minecraft:bone":1},"minecraft:broken":{"minecraft:wooden_axe":1},"minecraft:mined":{"minecraft:brown_mushroom":1,"minecraft:crafting_table":2,"minecraft:torch":4,"minecraft:grass_block":4,"minecraft:cobblestone":4,"minecraft:spruce_leaves":11,"minecraft:diorite":3,"minecraft:purple_bed":1,"minecraft:birch_log":2,"minecraft:iron_ore":32,"minecraft:wheat":1,"minecraft:sweet_berry_bush":2,"minecraft:spruce_log":9,"minecraft:pumpkin":4,"minecraft:grass_path":3,"minecraft:grass":6,"minecraft:coal_ore":73,"minecraft:oak_log":3,"minecraft:gravel":1,"minecraft:dirt":6,"minecraft:stone":44,"minecraft:oak_leaves":4},"minecraft:picked_up":{"minecraft:birch_log":2,"minecraft:magma_block":1,"minecraft:crafting_table":3,"minecraft:wheat":15,"minecraft:leather":1,"minecraft:brown_mushroom":1,"minecraft:potato":3,"simplefarming:rye_seeds":1,"minecraft:oak_log":3,"minecraft:shield":1,"minecraft:dirt":32,"minecraft:string":6,"minecraft:leather_boots":1,"minecraft:bone":2,"minecraft:wheat_seeds":45,"simplefarming:oat_seeds":1,"minecraft:spruce_planks":1,"minecraft:iron_ingot":2,"minecraft:beef":9,"minecraft:oak_boat":1,"minecraft:iron_ore":32,"minecraft:oak_planks":20,"minecraft:stick":4,"minecraft:birch_boat":1,"minecraft:pumpkin":4,"minecraft:sweet_berries":12,"minecraft:torch":6,"minecraft:spruce_stairs":4,"simplefarming:blueberries":16,"minecraft:porkchop":7,"simplefarming:raspberries":17,"simplefarming:carrot_seeds":1,"minecraft:diorite":3,"minecraft:spruce_log":9,"minecraft:arrow":1,"minecraft:purple_bed":1,"minecraft:rotten_flesh":25,"minecraft:baked_potato":10,"minecraft:melon_seeds":4,"minecraft:mutton":1,"minecraft:coal":48,"minecraft:white_wool":1,"minecraft:cobblestone":52},"minecraft:custom":{"minecraft:interact_with_furnace":15,"minecraft:mob_kills":20,"minecraft:interact_with_crafting_table":31,"minecraft:interact_with_cartography_table":1,"minecraft:open_barrel":1,"goblintraders:trade_with_goblin":7,"minecraft:play_one_minute":161404,"minecraft:interact_with_grindstone":1,"minecraft:leave_game":2,"minecraft:time_since_death":161404,"minecraft:sleep_in_bed":6,"minecraft:climb_one_cm":12963,"minecraft:time_since_rest":7118,"minecraft:sprint_one_cm":317338,"minecraft:damage_taken":1434,"minecraft:walk_one_cm":297291,"minecraft:damage_blocked_by_shield":270,"minecraft:drop":30,"minecraft:damage_dealt":2966,"minecraft:swim_one_cm":3342,"minecraft:talked_to_villager":5,"minecraft:fly_one_cm":65689,"minecraft:open_chest":11,"minecraft:crouch_one_cm":5813,"minecraft:sneak_time":2741,"minecraft:walk_under_water_one_cm":639,"minecraft:boat_one_cm":212738,"minecraft:jump":783,"minecraft:interact_with_blast_furnace":12,"minecraft:walk_on_water_one_cm":7555,"minecraft:interact_with_smoker":3,"minecraft:fall_one_cm":11879,"minecraft:horse_one_cm":285788},"minecraft:crafted":{"minecraft:cooked_beef":3,"magistuarmory:steel_nugget":9,"minecraft:smooth_stone":3,"minecraft:oak_planks":12,"minecraft:barrel":1,"minecraft:cooked_porkchop":6,"minecraft:crafting_table":1,"minecraft:spruce_planks":80,"minecraft:baked_potato":10,"minecraft:birch_boat":1,"minecraft:wooden_pickaxe":1,"minecraft:iron_sword":1,"minecraft:furnace":1,"minecraft:blast_furnace":1,"minecraft:stone":6,"minecraft:birch_planks":8,"magistuarmory:kastenbrust_boots":1,"minecraft:air":0,"magistuarmory:halfarmor_chestplate":1,"magistuarmory:steel_ingot":15,"minecraft:ladder":48,"minecraft:spruce_slab":6,"minecraft:stick":128,"minecraft:iron_ingot":39,"minecraft:iron_pickaxe":1,"minecraft:stone_pickaxe":1,"minecraft:wooden_axe":1,"magistuarmory:small_steel_plate":8,"minecraft:torch":24,"magistuarmory:steel_plate":8}},"DataVersion":2586}