{"stats":{"minecraft:custom":{"minecraft:interact_with_crafting_table":83,"minecraft:open_barrel":53,"goblintraders:trade_with_goblin":45,"minecraft:bell_ring":25,"minecraft:leave_game":18,"minecraft:time_since_death":214457,"minecraft:sprint_one_cm":1964355,"minecraft:damage_blocked_by_shield":270,"minecraft:drop":349,"minecraft:talked_to_villager":29,"minecraft:deaths":7,"minecraft:jump":4906,"minecraft:interact_with_brewingstand":7,"minecraft:walk_on_water_one_cm":128397,"minecraft:interact_with_furnace":102,"minecraft:interact_with_cartography_table":1,"minecraft:play_one_minute":914173,"minecraft:sleep_in_bed":43,"minecraft:damage_dealt":32923,"minecraft:crouch_one_cm":47971,"minecraft:interact_with_smoker":31,"minecraft:horse_one_cm":337769,"minecraft:mob_kills":235,"minecraft:climb_one_cm":42450,"minecraft:walk_one_cm":2148881,"minecraft:raid_win":1,"minecraft:sneak_time":22782,"minecraft:walk_under_water_one_cm":20639,"minecraft:boat_one_cm":238961,"minecraft:interact_with_blast_furnace":55,"minecraft:raid_trigger":1,"minecraft:interact_with_stonecutter":1,"minecraft:interact_with_grindstone":3,"minecraft:time_since_rest":14326,"minecraft:damage_taken":7955,"minecraft:swim_one_cm":26829,"minecraft:fly_one_cm":538093,"minecraft:open_chest":90,"minecraft:fall_one_cm":72962},"minecraft:used":{"simplefarming:oat_seeds":1,"minecraft:iron_shovel":761,"minecraft:spruce_slab":3,"minecraft:ladder":55,"minecraft:chest":1,"minecraft:shield":344,"minecraft:iron_sword":709,"paraglider:goddess_statue":1,"minecraft:mutton":1,"minecraft:carrot":4,"simplefarming:raspberries":13,"minecraft:obsidian":10,"minecraft:milk_bucket":4,"minecraft:lava_bucket":30,"simplefarming:rye_seeds":7,"minecraft:bow":2,"simplefarming:tomato_seeds":4,"minecraft:sweet_berries":10,"minecraft:oak_sapling":3,"minecraft:furnace":2,"minecraft:potato":10,"minecraft:diorite":8,"minecraft:spruce_door":1,"minecraft:oak_planks":459,"minecraft:stone_pickaxe":126,"minecraft:wooden_pickaxe":10,"minecraft:blue_bed":1,"storagedrawers:spruce_full_drawers_1":2,"minecraft:sand":4,"minecraft:blast_furnace":1,"simplefarming:raw_calamari":1,"minecraft:bread":39,"minecraft:gravel":2,"minecraft:grindstone":1,"minecraft:andesite":11,"minecraft:smooth_stone_slab":83,"minecraft:bone_meal":9,"minecraft:flint_and_steel":1,"minecraft:redstone":1,"simplefarming:soybean_seeds":15,"minecraft:spruce_planks":10,"minecraft:cooked_salmon":13,"minecraft:stone_hoe":55,"minecraft:netherrack":9,"minecraft:oak_door":2,"minecraft:torch":174,"minecraft:brewing_stand":1,"minecraft:dirt":61,"minecraft:hopper":2,"minecraft:spruce_stairs":3,"minecraft:granite":12,"simplefarming:carrot_seeds":3,"minecraft:wooden_axe":50,"minecraft:iron_axe":232,"minecraft:oak_stairs":20,"minecraft:melon_seeds":1,"minecraft:barrel":3,"minecraft:basalt":33,"minecraft:cooked_beef":19,"minecraft:cooked_mutton":5,"minecraft:wheat_seeds":8,"minecraft:water_bucket":38,"minecraft:baked_potato":23,"minecraft:birch_boat":1,"minecraft:mossy_cobblestone":1,"minecraft:crafting_table":7,"corail_recycler:recycler":1,"minecraft:smoker":2,"minecraft:spruce_log":9,"minecraft:diamond_pickaxe":911,"minecraft:iron_pickaxe":1039,"minecraft:pig_spawn_egg":2,"minecraft:spruce_trapdoor":11,"minecraft:spruce_sapling":3,"minecraft:stone_axe":120,"minecraft:cobblestone":567,"travelersbackpack:standard":9,"minecraft:purple_bed":3,"minecraft:white_banner":5,"minecraft:cooked_porkchop":30,"minecraft:bucket":66,"magistuarmory:steel_chainmorgenstern":189},"minecraft:dropped":{"minecraft:oak_log":1,"minecraft:baked_potato":10,"minecraft:diamond":2,"minecraft:crafting_table":3,"minecraft:cooked_porkchop":4,"travelersbackpack:standard":3,"minecraft:dirt":477,"gravestone:obituary":10,"magistuarmory:steel_plate":1,"minecraft:gold_ingot":1,"minecraft:bone":8,"minecraft:crimson_fungus":1,"minecraft:stone_axe":1,"minecraft:wheat":10,"minecraft:rotten_flesh":28,"minecraft:oak_planks":19,"minecraft:cooked_mutton":6,"minecraft:melon_seeds":4,"minecraft:leather_boots":3,"minecraft:iron_ore":3,"minecraft:glass":1,"simplefarming:raw_calamari":12,"minecraft:netherrack":2,"minecraft:golden_boots":1,"minecraft:iron_ingot":58,"minecraft:oak_slab":2,"minecraft:wheat_seeds":55,"minecraft:cobblestone":49,"minecraft:apple":10,"minecraft:granite":53,"minecraft:spruce_stairs":2,"minecraft:grass_block":1,"minecraft:stick":9,"simplefarming:soybean_seeds":8,"minecraft:diorite":14,"minecraft:ink_sac":3,"minecraft:torch":9,"minecraft:brown_wool":1,"minecraft:string":6,"minecraft:bucket":1,"magistuarmory:steel_nugget":1,"minecraft:stone":3,"minecraft:spruce_planks":1,"minecraft:spruce_trapdoor":1,"minecraft:andesite":22,"minecraft:oak_sapling":1,"minecraft:spider_eye":2,"minecraft:bow":1,"minecraft:magma_block":1},"minecraft:crafted":{"minecraft:black_dye":13,"minecraft:smooth_stone":3,"minecraft:oak_planks":596,"minecraft:barrel":3,"magistuarmory:ceremonialarmet":2,"minecraft:cooked_chicken":3,"minecraft:blaze_powder":2,"minecraft:birch_boat":1,"travelersbackpack:sleeping_bag":1,"minecraft:stone":16,"minecraft:cooked_mutton":17,"minecraft:glass":15,"minecraft:hopper":1,"minecraft:chest":4,"corail_recycler:recycler":1,"magistuarmory:small_steel_plate":8,"minecraft:stone_hoe":1,"minecraft:golden_boots":2,"minecraft:smoker":1,"magistuarmory:steel_nugget":18,"magistuarmory:steel_chainmorgenstern":1,"minecraft:oak_slab":6,"minecraft:emerald":1,"minecraft:cooked_porkchop":15,"minecraft:crafting_table":4,"minecraft:spruce_planks":112,"travelersbackpack:standard":1,"minecraft:wooden_pickaxe":1,"minecraft:baked_potato":22,"magistuarmory:steel_chain":1,"magistuarmory:ceremonial_chestplate":1,"minecraft:red_wool":2,"minecraft:birch_planks":8,"minecraft:pumpkin_seeds":28,"magistuarmory:halfarmor_chestplate":1,"minecraft:diamond_pickaxe":1,"minecraft:purple_dye":2,"minecraft:stick":224,"minecraft:iron_ingot":195,"minecraft:iron_pickaxe":4,"minecraft:gold_ingot":17,"simplefarming:rye_seeds":1,"minecraft:oak_door":3,"minecraft:coal":5,"minecraft:smooth_stone_slab":108,"minecraft:iron_nugget":18,"minecraft:furnace":3,"minecraft:blast_furnace":1,"corail_recycler:steel_disk":1,"minecraft:bone_meal":9,"magistuarmory:kastenbrust_boots":1,"minecraft:pink_dye":2,"minecraft:flint_and_steel":1,"simplefarming:fried_calamari":7,"magistuarmory:hilt":1,"magistuarmory:knight_leggings":1,"minecraft:iron_axe":1,"minecraft:ladder":60,"magistuarmory:steel_ingot":64,"minecraft:spruce_slab":6,"minecraft:stone_pickaxe":2,"magistuarmory:barbute":1,"magistuarmory:steel_ring":16,"storagedrawers:spruce_full_drawers_1":1,"magistuarmory:steel_plate":24,"minecraft:cooked_beef":19,"paraglider:paraglider":1,"minecraft:red_dye":3,"travelersbackpack:backpack_tank":2,"minecraft:iron_sword":2,"minecraft:cooked_salmon":13,"magistuarmory:knight_chestplate":1,"minecraft:bucket":1,"minecraft:stone_axe":1,"minecraft:air":0,"minecraft:blue_dye":1,"minecraft:gold_nugget":9,"minecraft:oak_stairs":16,"minecraft:wooden_axe":1,"minecraft:iron_shovel":4,"magistuarmory:armet":1,"minecraft:torch":108,"simplefarming:soybean_seeds":8},"minecraft:broken":{"minecraft:iron_shovel":3,"minecraft:stone_pickaxe":1,"minecraft:stone_axe":1,"minecraft:iron_sword":2,"minecraft:wooden_axe":1,"magistuarmory:kastenbrust_boots":1,"minecraft:shield":1,"minecraft:iron_axe":1,"minecraft:iron_pickaxe":3},"minecraft:mined":{"simplefarming:raspberry_bush":1,"minecraft:brewing_stand":1,"minecraft:carved_pumpkin":6,"minecraft:obsidian":4,"minecraft:spruce_trapdoor":16,"minecraft:granite":79,"minecraft:grass_block":313,"minecraft:cracked_polished_blackstone_bricks":9,"minecraft:hopper":1,"minecraft:crimson_fungus":1,"minecraft:spawner":1,"minecraft:tall_seagrass":1,"minecraft:polished_blackstone_bricks":23,"minecraft:iron_ore":206,"minecraft:fire":8,"minecraft:pumpkin":14,"minecraft:oak_stairs":6,"minecraft:white_banner":1,"minecraft:spruce_slab":2,"minecraft:brown_mushroom":1,"minecraft:blackstone":7,"minecraft:smoker":1,"minecraft:torch":21,"minecraft:poppy":3,"minecraft:chest":1,"minecraft:nether_quartz_ore":15,"minecraft:cobblestone":150,"minecraft:oak_planks":3,"minecraft:wall_torch":9,"minecraft:seagrass":1,"minecraft:warped_nylium":1,"minecraft:birch_log":2,"minecraft:wheat":4,"minecraft:warped_fungus":1,"minecraft:smooth_stone_slab":11,"minecraft:grass":14,"minecraft:oak_log":169,"minecraft:sand":62,"minecraft:dirt":473,"minecraft:netherrack":114,"minecraft:oak_leaves":66,"minecraft:diamond_ore":7,"minecraft:mossy_cobblestone":2,"gravestone:gravestone":7,"minecraft:ladder":13,"minecraft:spruce_leaves":57,"storagedrawers:spruce_full_drawers_1":1,"minecraft:large_fern":12,"minecraft:redstone_ore":37,"minecraft:furnace":1,"minecraft:andesite":103,"minecraft:peony":1,"simplefarming:rye_crop":1,"minecraft:potatoes":2,"minecraft:rail":1,"minecraft:stone":990,"minecraft:basalt":31,"minecraft:oak_fence":2,"minecraft:crafting_table":2,"minecraft:cornflower":1,"minecraft:warped_roots":1,"minecraft:tall_grass":1,"minecraft:lapis_ore":6,"minecraft:diorite":18,"minecraft:warped_wart_block":2,"minecraft:spruce_stairs":1,"minecraft:purple_bed":3,"minecraft:sweet_berry_bush":5,"minecraft:spruce_log":23,"minecraft:grass_path":5,"minecraft:coal_ore":177,"minecraft:gravel":22,"minecraft:cobweb":47,"minecraft:gold_ore":16,"minecraft:fern":8,"paraglider:goddess_statue":1},"minecraft:picked_up":{"minecraft:wheat":25,"minecraft:oak_stairs":6,"minecraft:brewing_stand":1,"paraglider:goddess_statue":1,"minecraft:string":53,"minecraft:smooth_stone_slab":12,"minecraft:bucket":6,"minecraft:spruce_planks":9,"minecraft:furnace":1,"minecraft:iron_boots":1,"minecraft:stick":7,"minecraft:oak_fence":7,"minecraft:torch":55,"minecraft:spruce_stairs":6,"minecraft:porkchop":25,"simplefarming:raspberries":46,"minecraft:diorite":40,"simplefarming:carrot_seeds":3,"minecraft:rotten_flesh":104,"minecraft:carved_pumpkin":12,"minecraft:blaze_rod":3,"minecraft:obsidian":11,"minecraft:cobblestone":1200,"minecraft:birch_log":2,"minecraft:magma_block":1,"minecraft:feather":5,"minecraft:andesite":97,"minecraft:brown_wool":1,"minecraft:smoker":1,"minecraft:potato":35,"paraglider:spirit_orb":2,"magistuarmory:ceremonialarmet":1,"minecraft:flint":4,"minecraft:lapis_lazuli":42,"minecraft:dirt":818,"minecraft:leather_boots":2,"minecraft:glass":2,"minecraft:bone":38,"travelersbackpack:backpack_tank":2,"minecraft:bow":3,"minecraft:wheat_seeds":76,"simplefarming:lettuce_seeds":1,"minecraft:grindstone":1,"simplefarming:tomato_seeds":4,"minecraft:oak_planks":28,"minecraft:cooked_porkchop":4,"minecraft:warped_wart_block":1,"minecraft:sand":62,"minecraft:ink_sac":15,"minecraft:grass_block":1,"minecraft:mossy_cobblestone":3,"minecraft:diamond":7,"minecraft:cracked_polished_blackstone_bricks":9,"minecraft:granite":75,"minecraft:bone_meal":4,"minecraft:emerald":2,"minecraft:oak_sapling":6,"minecraft:netherrack":99,"minecraft:crafting_table":7,"minecraft:chicken":3,"minecraft:ladder":13,"minecraft:brown_mushroom":2,"gravestone:obituary":6,"minecraft:shield":1,"minecraft:cornflower":1,"magistuarmory:ceremonial_chestplate":1,"minecraft:blackstone":5,"simplefarming:oat_seeds":1,"minecraft:beef":23,"minecraft:oak_boat":1,"minecraft:poppy":3,"minecraft:spruce_slab":3,"minecraft:chest":1,"minecraft:spruce_trapdoor":18,"minecraft:egg":1,"simplefarming:rye":1,"minecraft:polished_blackstone_bricks":23,"minecraft:carrot":2,"minecraft:redstone":240,"simplefarming:raw_calamari":14,"minecraft:arrow":25,"magistuarmory:steel_plate":2,"minecraft:peony":1,"simplefarming:ginger_seeds":1,"minecraft:mutton":28,"minecraft:rail":13,"minecraft:white_wool":16,"minecraft:basalt":33,"simplefarming:soybean_seeds":26,"minecraft:salmon":13,"minecraft:leather":6,"simplefarming:soybean":25,"magistuarmory:small_steel_plate":6,"minecraft:crimson_fungus":1,"simplefarming:rye_seeds":9,"minecraft:oak_log":154,"minecraft:gunpowder":3,"minecraft:blue_bed":1,"minecraft:white_banner":9,"minecraft:cooked_mutton":4,"minecraft:apple":2,"minecraft:iron_ingot":6,"minecraft:iron_ore":198,"minecraft:oak_slab":2,"minecraft:warped_fungus":1,"minecraft:birch_boat":2,"minecraft:pumpkin":13,"minecraft:sweet_berries":15,"minecraft:quartz":14,"simplefarming:blueberries":32,"minecraft:gravel":28,"minecraft:lava_bucket":4,"minecraft:spruce_sapling":4,"minecraft:spruce_log":32,"minecraft:gold_ore":16,"simplefarming:raspberry_bush":5,"minecraft:spruce_door":1,"minecraft:spider_eye":4,"simplefarming:blackberries":7,"travelersbackpack:standard":14,"simplefarming:tomato":3,"minecraft:pumpkin_seeds":5,"minecraft:purple_bed":3,"storagedrawers:spruce_full_drawers_1":1,"minecraft:gray_wool":1,"minecraft:warped_roots":1,"minecraft:baked_potato":12,"minecraft:melon_seeds":5,"minecraft:hopper":1,"magistuarmory:steel_nugget":3,"minecraft:coal":208,"minecraft:ender_pearl":5},"minecraft:killed":{"minecraft:cave_spider":6,"minecraft:witch":1,"minecraft:spider":7,"minecraft:skeleton":28,"minecraft:chicken":4,"minecraft:magma_cube":4,"minecraft:pig":15,"minecraft:zombie_villager":3,"minecraft:salmon":14,"minecraft:creeper":2,"minecraft:sheep":18,"minecraft:pillager":12,"minecraft:zombie":69,"minecraft:ghast":1,"minecraft:blaze":10,"minecraft:cow":11,"minecraft:vindicator":2,"minecraft:bat":3,"minecraft:ravager":1,"minecraft:hoglin":1,"minecraft:squid":9,"minecraft:wither_skeleton":2,"minecraft:enderman":2},"minecraft:killed_by":{"minecraft:vindicator":1,"minecraft:zombie":4}},"DataVersion":2586}