{"stats":{"minecraft:crafted":{"minecraft:smooth_stone":3,"minecraft:oak_planks":12,"minecraft:barrel":1,"minecraft:birch_boat":1,"minecraft:furnace":1,"minecraft:blast_furnace":1,"minecraft:stone":6,"magistuarmory:kastenbrust_boots":1,"minecraft:glass":8,"minecraft:ladder":48,"magistuarmory:steel_ingot":15,"minecraft:spruce_slab":6,"minecraft:stone_pickaxe":1,"magistuarmory:small_steel_plate":8,"minecraft:stone_hoe":1,"magistuarmory:steel_plate":8,"minecraft:cooked_beef":9,"magistuarmory:steel_nugget":9,"minecraft:emerald":1,"minecraft:cooked_porkchop":6,"minecraft:crafting_table":1,"minecraft:spruce_planks":84,"travelersbackpack:backpack_tank":1,"minecraft:wooden_pickaxe":1,"minecraft:baked_potato":10,"minecraft:iron_sword":1,"minecraft:bucket":1,"minecraft:birch_planks":8,"minecraft:pumpkin_seeds":28,"minecraft:stone_axe":1,"minecraft:air":0,"magistuarmory:halfarmor_chestplate":1,"minecraft:stick":136,"minecraft:iron_ingot":41,"minecraft:iron_pickaxe":1,"minecraft:wooden_axe":1,"minecraft:torch":24,"simplefarming:soybean_seeds":8},"minecraft:dropped":{"minecraft:iron_ingot":7,"minecraft:wheat_seeds":48,"minecraft:baked_potato":10,"minecraft:cobblestone":5,"minecraft:spruce_stairs":2,"minecraft:dirt":4,"minecraft:string":6,"minecraft:bone":2,"minecraft:wheat":10,"minecraft:rotten_flesh":27,"minecraft:oak_planks":18,"minecraft:stone":3,"minecraft:melon_seeds":4,"minecraft:leather_boots":3,"minecraft:spider_eye":1,"minecraft:magma_block":1},"minecraft:custom":{"minecraft:mob_kills":30,"minecraft:interact_with_crafting_table":35,"minecraft:open_barrel":8,"goblintraders:trade_with_goblin":9,"minecraft:bell_ring":17,"minecraft:leave_game":3,"minecraft:time_since_death":228655,"minecraft:climb_one_cm":13039,"minecraft:sprint_one_cm":501639,"minecraft:walk_one_cm":550025,"minecraft:damage_blocked_by_shield":270,"minecraft:drop":37,"minecraft:talked_to_villager":17,"minecraft:sneak_time":3012,"minecraft:walk_under_water_one_cm":921,"minecraft:boat_one_cm":212738,"minecraft:jump":1262,"minecraft:interact_with_blast_furnace":16,"minecraft:walk_on_water_one_cm":14007,"minecraft:interact_with_furnace":23,"minecraft:interact_with_cartography_table":1,"minecraft:play_one_minute":228655,"minecraft:interact_with_grindstone":3,"minecraft:sleep_in_bed":10,"minecraft:time_since_rest":12832,"minecraft:damage_taken":1679,"minecraft:damage_dealt":4332,"minecraft:swim_one_cm":5502,"minecraft:fly_one_cm":96375,"minecraft:open_chest":13,"minecraft:crouch_one_cm":6313,"minecraft:interact_with_smoker":3,"minecraft:fall_one_cm":17077,"minecraft:horse_one_cm":337769},"minecraft:picked_up":{"minecraft:crafting_table":3,"minecraft:wheat":22,"minecraft:brown_mushroom":1,"minecraft:shield":1,"minecraft:string":7,"simplefarming:oat_seeds":1,"minecraft:spruce_planks":1,"minecraft:beef":9,"minecraft:oak_boat":1,"minecraft:spruce_slab":3,"minecraft:spruce_trapdoor":11,"minecraft:stick":6,"minecraft:torch":8,"minecraft:spruce_stairs":5,"minecraft:porkchop":8,"simplefarming:raspberries":18,"minecraft:diorite":9,"simplefarming:carrot_seeds":1,"minecraft:redstone":75,"simplefarming:raw_calamari":1,"minecraft:arrow":2,"minecraft:rotten_flesh":27,"minecraft:carved_pumpkin":12,"minecraft:mutton":1,"minecraft:white_wool":1,"minecraft:cobblestone":93,"minecraft:birch_log":2,"minecraft:magma_block":1,"simplefarming:soybean_seeds":5,"minecraft:leather":1,"simplefarming:soybean":8,"minecraft:potato":7,"simplefarming:rye_seeds":2,"minecraft:oak_log":3,"minecraft:gunpowder":1,"minecraft:dirt":33,"minecraft:leather_boots":2,"minecraft:bone":2,"minecraft:wheat_seeds":58,"minecraft:iron_ingot":2,"minecraft:iron_ore":33,"minecraft:oak_planks":20,"minecraft:birch_boat":1,"minecraft:pumpkin":9,"minecraft:sweet_berries":15,"simplefarming:blueberries":16,"minecraft:sand":14,"minecraft:spruce_sapling":1,"minecraft:spruce_log":15,"minecraft:spider_eye":1,"minecraft:purple_bed":1,"minecraft:bone_meal":3,"minecraft:baked_potato":10,"minecraft:melon_seeds":4,"minecraft:coal":57},"minecraft:used":{"simplefarming:oat_seeds":1,"minecraft:spruce_slab":3,"simplefarming:soybean_seeds":13,"minecraft:ladder":26,"minecraft:spruce_planks":10,"minecraft:shield":13,"minecraft:iron_sword":120,"minecraft:stone_hoe":43,"minecraft:torch":20,"minecraft:dirt":14,"minecraft:mutton":1,"minecraft:spruce_stairs":1,"simplefarming:raspberries":3,"simplefarming:carrot_seeds":1,"minecraft:wooden_axe":50,"minecraft:barrel":1,"simplefarming:rye_seeds":2,"minecraft:sweet_berries":10,"minecraft:cooked_beef":5,"minecraft:potato":3,"minecraft:wheat_seeds":6,"minecraft:water_bucket":1,"minecraft:stone_pickaxe":78,"minecraft:baked_potato":9,"minecraft:wooden_pickaxe":10,"minecraft:birch_boat":1,"minecraft:crafting_table":4,"minecraft:blast_furnace":1,"minecraft:spruce_log":1,"minecraft:bread":15,"minecraft:iron_pickaxe":181,"minecraft:spruce_trapdoor":11,"minecraft:spruce_sapling":1,"minecraft:stone_axe":37,"minecraft:cobblestone":34,"minecraft:purple_bed":1,"minecraft:cooked_porkchop":6,"minecraft:bucket":2,"minecraft:bone_meal":3},"minecraft:broken":{"minecraft:wooden_axe":1},"minecraft:mined":{"minecraft:carved_pumpkin":6,"minecraft:spruce_trapdoor":11,"minecraft:granite":5,"minecraft:grass_block":5,"minecraft:spruce_leaves":36,"minecraft:large_fern":9,"minecraft:redstone_ore":18,"minecraft:iron_ore":33,"minecraft:andesite":1,"minecraft:pumpkin":11,"minecraft:potatoes":1,"minecraft:stone":77,"minecraft:spruce_slab":2,"minecraft:brown_mushroom":1,"minecraft:crafting_table":2,"minecraft:torch":5,"minecraft:cobblestone":5,"minecraft:diorite":9,"minecraft:spruce_stairs":1,"minecraft:purple_bed":1,"minecraft:birch_log":2,"minecraft:wheat":3,"minecraft:sweet_berry_bush":5,"minecraft:spruce_log":16,"minecraft:grass_path":5,"minecraft:grass":6,"minecraft:oak_log":3,"minecraft:coal_ore":82,"minecraft:gravel":1,"minecraft:sand":18,"minecraft:dirt":6,"minecraft:oak_leaves":4,"minecraft:fern":8},"minecraft:killed":{"minecraft:witch":1,"minecraft:spider":3,"minecraft:skeleton":2,"minecraft:pig":5,"minecraft:zombie_villager":1,"minecraft:bat":1,"minecraft:creeper":1,"minecraft:squid":1,"minecraft:sheep":1,"minecraft:zombie":10,"minecraft:cow":5}},"DataVersion":2586}