{"stats":{"minecraft:crafted":{"minecraft:smooth_stone":3,"minecraft:oak_planks":60,"minecraft:barrel":3,"minecraft:birch_boat":1,"travelersbackpack:sleeping_bag":1,"minecraft:furnace":1,"minecraft:blast_furnace":1,"minecraft:stone":6,"minecraft:bone_meal":9,"magistuarmory:kastenbrust_boots":1,"minecraft:glass":15,"minecraft:ladder":48,"magistuarmory:steel_ingot":15,"minecraft:spruce_slab":6,"minecraft:stone_pickaxe":2,"minecraft:chest":1,"magistuarmory:small_steel_plate":8,"minecraft:stone_hoe":1,"magistuarmory:steel_plate":8,"minecraft:cooked_beef":9,"minecraft:red_dye":2,"magistuarmory:steel_nugget":9,"minecraft:oak_slab":6,"minecraft:emerald":1,"minecraft:cooked_porkchop":8,"minecraft:crafting_table":1,"minecraft:spruce_planks":84,"travelersbackpack:standard":1,"travelersbackpack:backpack_tank":2,"minecraft:wooden_pickaxe":1,"minecraft:baked_potato":10,"minecraft:iron_sword":1,"minecraft:red_wool":2,"minecraft:bucket":1,"minecraft:birch_planks":8,"minecraft:pumpkin_seeds":28,"minecraft:stone_axe":1,"minecraft:air":0,"magistuarmory:halfarmor_chestplate":1,"minecraft:stick":136,"minecraft:iron_ingot":42,"minecraft:iron_pickaxe":2,"minecraft:wooden_axe":1,"minecraft:gold_ingot":8,"minecraft:torch":36,"simplefarming:soybean_seeds":8,"simplefarming:rye_seeds":1},"minecraft:dropped":{"minecraft:iron_ingot":7,"minecraft:oak_slab":2,"minecraft:wheat_seeds":48,"minecraft:baked_potato":10,"minecraft:cobblestone":40,"minecraft:granite":2,"minecraft:spruce_stairs":2,"minecraft:dirt":24,"minecraft:diorite":14,"gravestone:obituary":2,"minecraft:string":6,"minecraft:bone":2,"minecraft:wheat":10,"minecraft:rotten_flesh":27,"minecraft:oak_planks":19,"minecraft:stone":3,"minecraft:spruce_trapdoor":1,"minecraft:andesite":1,"minecraft:melon_seeds":4,"minecraft:leather_boots":3,"minecraft:spider_eye":1,"minecraft:glass":1,"minecraft:magma_block":1},"minecraft:custom":{"minecraft:mob_kills":52,"minecraft:interact_with_crafting_table":51,"minecraft:open_barrel":30,"goblintraders:trade_with_goblin":9,"minecraft:bell_ring":18,"minecraft:leave_game":3,"minecraft:time_since_death":25443,"minecraft:climb_one_cm":21746,"minecraft:sprint_one_cm":618192,"minecraft:walk_one_cm":756546,"minecraft:damage_blocked_by_shield":270,"minecraft:drop":50,"minecraft:talked_to_villager":21,"minecraft:deaths":2,"minecraft:sneak_time":4178,"minecraft:walk_under_water_one_cm":1217,"minecraft:boat_one_cm":212738,"minecraft:jump":1758,"minecraft:interact_with_blast_furnace":25,"minecraft:walk_on_water_one_cm":22459,"minecraft:interact_with_furnace":38,"minecraft:interact_with_cartography_table":1,"minecraft:play_one_minute":294655,"minecraft:interact_with_grindstone":3,"minecraft:sleep_in_bed":12,"minecraft:time_since_rest":13541,"minecraft:damage_taken":2769,"minecraft:damage_dealt":7684,"minecraft:swim_one_cm":5502,"minecraft:fly_one_cm":117813,"minecraft:open_chest":14,"minecraft:crouch_one_cm":8602,"minecraft:interact_with_smoker":3,"minecraft:fall_one_cm":22137,"minecraft:horse_one_cm":337769},"minecraft:picked_up":{"minecraft:crafting_table":4,"minecraft:wheat":25,"minecraft:ladder":1,"minecraft:brown_mushroom":2,"gravestone:obituary":1,"minecraft:shield":1,"minecraft:string":8,"simplefarming:oat_seeds":1,"minecraft:spruce_planks":1,"minecraft:beef":19,"minecraft:oak_boat":1,"minecraft:poppy":2,"minecraft:spruce_slab":3,"minecraft:spruce_trapdoor":18,"minecraft:stick":6,"minecraft:torch":11,"minecraft:spruce_stairs":6,"simplefarming:rye":1,"minecraft:porkchop":10,"simplefarming:raspberries":33,"minecraft:diorite":38,"simplefarming:carrot_seeds":3,"minecraft:carrot":2,"minecraft:redstone":182,"simplefarming:raw_calamari":1,"minecraft:arrow":3,"minecraft:rotten_flesh":46,"magistuarmory:steel_plate":2,"minecraft:carved_pumpkin":12,"minecraft:mutton":6,"minecraft:white_wool":4,"minecraft:cobblestone":232,"minecraft:birch_log":2,"minecraft:magma_block":1,"simplefarming:soybean_seeds":12,"minecraft:andesite":2,"minecraft:leather":3,"simplefarming:soybean":20,"minecraft:potato":7,"magistuarmory:small_steel_plate":6,"minecraft:flint":1,"simplefarming:rye_seeds":9,"minecraft:oak_log":15,"minecraft:gunpowder":2,"minecraft:blue_bed":1,"minecraft:dirt":54,"minecraft:leather_boots":2,"minecraft:glass":2,"travelersbackpack:backpack_tank":2,"minecraft:bone":8,"minecraft:apple":2,"minecraft:wheat_seeds":65,"minecraft:grindstone":1,"minecraft:iron_ingot":4,"minecraft:iron_ore":45,"minecraft:oak_planks":21,"minecraft:oak_slab":2,"minecraft:birch_boat":2,"minecraft:pumpkin":12,"minecraft:sweet_berries":15,"minecraft:gravel":3,"simplefarming:blueberries":32,"minecraft:sand":19,"minecraft:spruce_sapling":1,"minecraft:gold_ore":8,"minecraft:spruce_log":24,"simplefarming:blackberries":4,"minecraft:spruce_door":1,"minecraft:spider_eye":1,"minecraft:mossy_cobblestone":2,"minecraft:pumpkin_seeds":5,"minecraft:purple_bed":3,"minecraft:granite":2,"minecraft:bone_meal":3,"minecraft:emerald":1,"minecraft:oak_sapling":2,"minecraft:baked_potato":10,"magistuarmory:steel_nugget":3,"minecraft:melon_seeds":4,"minecraft:coal":116},"minecraft:used":{"simplefarming:oat_seeds":1,"minecraft:spruce_slab":3,"simplefarming:soybean_seeds":15,"minecraft:ladder":37,"minecraft:spruce_planks":10,"minecraft:shield":112,"minecraft:iron_sword":205,"minecraft:stone_hoe":53,"minecraft:torch":47,"minecraft:dirt":14,"minecraft:mutton":1,"minecraft:spruce_stairs":3,"simplefarming:raspberries":3,"simplefarming:carrot_seeds":3,"minecraft:wooden_axe":50,"minecraft:barrel":3,"simplefarming:rye_seeds":7,"minecraft:sweet_berries":10,"minecraft:oak_sapling":2,"minecraft:cooked_beef":9,"minecraft:potato":3,"minecraft:wheat_seeds":8,"minecraft:water_bucket":1,"minecraft:diorite":8,"minecraft:spruce_door":1,"minecraft:stone_pickaxe":126,"minecraft:baked_potato":9,"minecraft:wooden_pickaxe":10,"minecraft:birch_boat":1,"minecraft:blue_bed":1,"minecraft:mossy_cobblestone":1,"minecraft:sand":4,"minecraft:crafting_table":5,"minecraft:blast_furnace":1,"minecraft:spruce_log":8,"minecraft:bread":20,"minecraft:iron_pickaxe":267,"minecraft:gravel":2,"minecraft:spruce_trapdoor":11,"minecraft:spruce_sapling":1,"minecraft:stone_axe":113,"minecraft:cobblestone":100,"travelersbackpack:standard":1,"minecraft:purple_bed":3,"minecraft:grindstone":1,"minecraft:cooked_porkchop":7,"minecraft:bucket":2,"minecraft:bone_meal":9},"minecraft:broken":{"minecraft:stone_pickaxe":1,"minecraft:iron_pickaxe":1,"minecraft:wooden_axe":1},"minecraft:killed_by":{"minecraft:zombie":2},"minecraft:killed":{"minecraft:witch":1,"minecraft:spider":3,"minecraft:skeleton":6,"minecraft:pig":5,"minecraft:zombie_villager":1,"minecraft:bat":1,"minecraft:creeper":1,"minecraft:squid":1,"minecraft:sheep":4,"minecraft:zombie":18,"minecraft:cow":9},"minecraft:mined":{"minecraft:mossy_cobblestone":1,"gravestone:gravestone":2,"minecraft:carved_pumpkin":6,"minecraft:ladder":1,"minecraft:spruce_trapdoor":16,"minecraft:granite":7,"minecraft:grass_block":6,"minecraft:spruce_leaves":52,"minecraft:large_fern":12,"minecraft:redstone_ore":24,"minecraft:iron_ore":45,"minecraft:andesite":2,"minecraft:pumpkin":14,"simplefarming:rye_crop":1,"minecraft:potatoes":1,"minecraft:stone":143,"minecraft:spruce_slab":2,"minecraft:brown_mushroom":1,"minecraft:crafting_table":2,"minecraft:torch":5,"minecraft:poppy":2,"minecraft:cobblestone":5,"minecraft:diorite":18,"minecraft:spruce_stairs":1,"minecraft:purple_bed":3,"minecraft:birch_log":2,"minecraft:wheat":4,"minecraft:sweet_berry_bush":5,"minecraft:spruce_log":16,"minecraft:grass_path":5,"minecraft:grass":6,"minecraft:oak_log":15,"minecraft:coal_ore":108,"minecraft:gravel":1,"minecraft:sand":19,"minecraft:dirt":11,"minecraft:gold_ore":8,"minecraft:oak_leaves":20,"minecraft:fern":8}},"DataVersion":2586}