{"stats":{"minecraft:dropped":{"minecraft:spruce_sign":2,"minecraft:soul_sand":5,"minecraft:cooked_beef":4,"minecraft:baked_potato":6,"minecraft:ender_pearl":2,"minecraft:diamond":1,"minecraft:crafting_table":5,"minecraft:cooked_porkchop":5,"simplefarming:yam_seeds":1,"travelersbackpack:standard":4,"paraglider:spirit_orb":3,"minecraft:spruce_leaves":8,"minecraft:flint":2,"minecraft:cobblestone_stairs":4,"minecraft:gold_block":4,"minecraft:gray_concrete":2,"minecraft:dirt":13,"minecraft:jack_o_lantern":1,"gravestone:obituary":8,"minecraft:sand":2,"minecraft:iron_pickaxe":1,"minecraft:gold_ingot":10,"minecraft:bone":6,"minecraft:oak_door":3,"minecraft:gravel":10,"corail_recycler:recycling_book":1,"minecraft:wheat":1,"minecraft:obsidian":7,"minecraft:rotten_flesh":3,"minecraft:fern":14,"minecraft:oak_planks":21,"minecraft:cooked_mutton":1,"minecraft:white_bed":4,"minecraft:poppy":3,"minecraft:charcoal":4,"minecraft:beetroot_seeds":1,"magistuarmory:diamond_heavymace":6,"minecraft:melon_seeds":1,"minecraft:leather_boots":1,"minecraft:arrow":1,"minecraft:quartz":5,"minecraft:iron_ingot":2,"minecraft:stripped_spruce_log":9,"simplefarming:soybean":2,"minecraft:wheat_seeds":5,"minecraft:feather":2,"minecraft:cobblestone":2,"simplefarming:carrot_seeds":1,"minecraft:observer":1,"minecraft:coal":1,"simpleplanes:large_plane":2,"minecraft:lava_bucket":4,"simplefarming:soybean_seeds":2,"magistuarmory:ceremonialarmet":1,"minecraft:diorite":2,"minecraft:torch":9,"minecraft:fire_charge":1,"minecraft:pumpkin":1,"minecraft:string":13,"minecraft:tripwire_hook":2,"minecraft:lily_pad":25,"minecraft:bucket":7,"minecraft:spruce_sapling":6,"minecraft:wither_skeleton_skull":1,"minecraft:shears":2,"minecraft:pumpkin_seeds":12,"minecraft:potato":1,"minecraft:shield":1,"minecraft:spruce_planks":16,"minecraft:diamond_pickaxe":2,"minecraft:andesite":2,"magistuarmory:ceremonial_chestplate":1,"minecraft:golden_leggings":1,"minecraft:oak_boat":1,"minecraft:spruce_log":1,"minecraft:stone_pickaxe":4},"minecraft:broken":{"magistuarmory:knight_boots":1,"minecraft:golden_boots":1,"minecraft:shears":3,"minecraft:stone_pickaxe":2,"minecraft:stone_axe":2,"minecraft:wooden_axe":2,"magistuarmory:armet":1,"minecraft:stone_shovel":1,"minecraft:iron_pickaxe":1},"minecraft:crafted":{"minecraft:smooth_stone":3,"minecraft:oak_planks":84,"minecraft:cobblestone_slab":6,"travelersbackpack:sleeping_bag":1,"minecraft:stone":3,"minecraft:cooked_mutton":18,"simpleplanes:healing":2,"minecraft:glass":18,"minecraft:hopper":2,"magistuarmory:diamond_heavymace":1,"simpleplanes:large_plane":2,"minecraft:chest":8,"minecraft:cooked_porkchop":8,"minecraft:crafting_table":9,"minecraft:spruce_planks":330,"travelersbackpack:standard":1,"minecraft:wooden_pickaxe":1,"minecraft:baked_potato":24,"minecraft:red_wool":8,"minecraft:birch_planks":52,"magistuarmory:halfarmor_chestplate":2,"minecraft:spruce_trapdoor":50,"minecraft:charcoal":10,"minecraft:diamond_pickaxe":1,"minecraft:yellow_dye":3,"minecraft:shield":2,"minecraft:light_weighted_pressure_plate":3,"minecraft:stick":118,"minecraft:iron_ingot":377,"minecraft:iron_pickaxe":2,"minecraft:iron_block":3,"minecraft:gold_ingot":45,"minecraft:shears":3,"magistuarmory:leather_strip":6,"minecraft:oak_door":3,"simpleplanes:helicopter":1,"minecraft:stone_shovel":1,"minecraft:leather_boots":1,"simpleplanes:booster":2,"simpleplanes:plane_workbench":1,"magistuarmory:knight_boots":2,"magistuarmory:wood_heatershield":1,"minecraft:furnace":3,"minecraft:blast_furnace":1,"minecraft:flint_and_steel":4,"magistuarmory:hilt":1,"simplefarming:fried_calamari":29,"simpleplanes:electric_engine":1,"magistuarmory:knight_leggings":2,"minecraft:iron_axe":2,"minecraft:ladder":24,"magistuarmory:steel_ingot":64,"minecraft:stone_pickaxe":4,"minecraft:spruce_boat":2,"magistuarmory:barbute":2,"simpleplanes:propeller":25,"minecraft:redstone_block":2,"magistuarmory:steel_plate":46,"minecraft:cooked_beef":11,"paraglider:paraglider":1,"minecraft:red_dye":9,"travelersbackpack:backpack_tank":2,"simpleplanes:furnace_engine":1,"minecraft:cooked_salmon":2,"magistuarmory:knight_chestplate":2,"minecraft:bucket":6,"minecraft:stone_axe":6,"minecraft:oak_boat":2,"minecraft:golden_apple":1,"minecraft:wooden_axe":3,"minecraft:iron_shovel":1,"minecraft:anvil":1,"minecraft:white_bed":1,"simpleplanes:wrench":1,"magistuarmory:armet":3,"minecraft:torch":72},"minecraft:killed_by":{"minecraft:zombie":5,"minecraft:skeleton":1},"minecraft:killed":{"minecraft:cave_spider":8,"minecraft:zombified_piglin":4,"minecraft:spider":1,"minecraft:skeleton":23,"minecraft:chicken":3,"minecraft:piglin_brute":1,"minecraft:cat":1,"minecraft:magma_cube":8,"minecraft:pig":1,"minecraft:zombie_villager":1,"minecraft:salmon":2,"minecraft:iron_golem":2,"minecraft:creeper":1,"minecraft:sheep":17,"minecraft:zombie":18,"minecraft:blaze":22,"minecraft:cow":15,"minecraft:squid":14,"minecraft:villager":1,"minecraft:enderman":1},"minecraft:mined":{"minecraft:white_bed":3,"minecraft:spruce_planks":8,"minecraft:farmland":2,"minecraft:cobblestone_stairs":8,"minecraft:brewing_stand":1,"minecraft:obsidian":9,"minecraft:spruce_trapdoor":3,"minecraft:granite":41,"minecraft:grass_block":73,"minecraft:cracked_polished_blackstone_bricks":1,"minecraft:spawner":1,"minecraft:polished_blackstone_bricks":9,"minecraft:magma_block":1,"minecraft:iron_ore":18,"minecraft:fire":20,"minecraft:pumpkin":3,"minecraft:anvil":1,"minecraft:purple_carpet":5,"minecraft:spruce_slab":2,"minecraft:tripwire":2,"minecraft:blackstone":1,"minecraft:chiseled_quartz_block":4,"minecraft:torch":22,"minecraft:blast_furnace":1,"minecraft:poppy":6,"minecraft:chest":1,"simpleplanes:charging_station":1,"minecraft:white_stained_glass_pane":1,"minecraft:spruce_wall_sign":5,"minecraft:cobblestone":250,"minecraft:grindstone":1,"minecraft:oak_planks":21,"minecraft:wall_torch":12,"minecraft:birch_log":13,"minecraft:wheat":1,"simplefarming:tomato_crop":1,"simplefarming:soybean_crop":2,"minecraft:smooth_stone_slab":1,"minecraft:grass":85,"minecraft:oak_log":22,"minecraft:acacia_fence":52,"minecraft:smooth_quartz":4,"minecraft:sand":18,"minecraft:dirt":230,"minecraft:tripwire_hook":2,"simplefarming:orange_leaves":1,"minecraft:dispenser":9,"minecraft:oak_leaves":5,"minecraft:light_blue_stained_glass_pane":5,"minecraft:mossy_cobblestone":5,"minecraft:jack_o_lantern":1,"gravestone:gravestone":6,"minecraft:ladder":5,"minecraft:spruce_fence":1,"minecraft:redstone_wire":3,"minecraft:spruce_leaves":754,"minecraft:large_fern":12,"minecraft:spruce_sapling":1,"minecraft:furnace":1,"minecraft:snow":33,"minecraft:andesite":75,"minecraft:stripped_spruce_log":10,"minecraft:gold_block":16,"minecraft:lantern":1,"minecraft:potatoes":30,"minecraft:cobblestone_slab":1,"minecraft:rail":1,"minecraft:packed_ice":5,"minecraft:stone":472,"minecraft:gray_concrete":2,"minecraft:glass_pane":6,"minecraft:basalt":11,"minecraft:dandelion":4,"minecraft:oak_fence":2,"corail_recycler:recycler":1,"minecraft:crafting_table":8,"minecraft:campfire":1,"minecraft:tall_grass":15,"minecraft:lapis_ore":4,"minecraft:diorite":49,"minecraft:spruce_stairs":2,"minecraft:purple_bed":1,"minecraft:cobblestone_wall":9,"minecraft:sweet_berry_bush":5,"minecraft:spruce_log":146,"minecraft:white_carpet":1,"minecraft:birch_leaves":56,"minecraft:grass_path":33,"minecraft:coal_ore":32,"minecraft:gravel":27,"minecraft:fern":4},"minecraft:custom":{"minecraft:animals_bred":1,"minecraft:interact_with_crafting_table":139,"minecraft:open_barrel":48,"minecraft:bell_ring":3,"minecraft:leave_game":30,"minecraft:time_since_death":328909,"minecraft:sprint_one_cm":991312,"minecraft:damage_blocked_by_shield":630,"minecraft:drop":241,"minecraft:talked_to_villager":14,"minecraft:deaths":9,"minecraft:jump":7322,"minecraft:walk_on_water_one_cm":56621,"minecraft:interact_with_furnace":73,"minecraft:play_one_minute":948040,"minecraft:sleep_in_bed":41,"minecraft:damage_dealt":22654,"minecraft:crouch_one_cm":51262,"minecraft:interact_with_smoker":7,"minecraft:interact_with_anvil":2,"minecraft:mob_kills":135,"minecraft:climb_one_cm":20455,"minecraft:walk_one_cm":1885154,"minecraft:damage_dealt_absorbed":54,"minecraft:sneak_time":21952,"minecraft:walk_under_water_one_cm":59090,"minecraft:boat_one_cm":2099423,"minecraft:interact_with_blast_furnace":31,"minecraft:tune_noteblock":1,"minecraft:interact_with_grindstone":1,"minecraft:time_since_rest":2791,"minecraft:damage_absorbed":177,"minecraft:damage_taken":14168,"minecraft:swim_one_cm":58602,"minecraft:fly_one_cm":1043584,"minecraft:open_chest":78,"minecraft:fall_one_cm":145138},"minecraft:picked_up":{"minecraft:wheat":1,"minecraft:anvil":1,"minecraft:nether_brick":3,"minecraft:brewing_stand":1,"minecraft:string":59,"minecraft:smooth_stone_slab":2,"minecraft:gold_nugget":1,"minecraft:spruce_planks":33,"minecraft:rose_bush":2,"minecraft:cobblestone_slab":1,"minecraft:iron_pickaxe":1,"minecraft:furnace":1,"minecraft:stick":15,"minecraft:acacia_fence":52,"minecraft:oak_fence":1,"minecraft:torch":56,"minecraft:spruce_stairs":2,"epicfight:skillbook":1,"minecraft:porkchop":6,"minecraft:diorite":52,"simplefarming:carrot_seeds":1,"minecraft:rotten_flesh":28,"minecraft:blaze_rod":12,"minecraft:obsidian":9,"minecraft:snowball":33,"minecraft:cobblestone":750,"simpleplanes:electric_engine":1,"minecraft:birch_log":13,"minecraft:magma_block":2,"minecraft:feather":8,"minecraft:cooked_beef":4,"minecraft:andesite":84,"minecraft:potato":100,"paraglider:spirit_orb":6,"minecraft:flint":13,"minecraft:wither_skeleton_skull":1,"minecraft:gray_concrete":2,"minecraft:lapis_lazuli":44,"minecraft:dirt":339,"minecraft:purple_carpet":5,"minecraft:leather_boots":1,"simplefarming:cucumber_seeds":2,"minecraft:bone":34,"minecraft:bow":1,"minecraft:wheat_seeds":30,"minecraft:grindstone":1,"simplefarming:tomato_seeds":1,"minecraft:oak_planks":38,"minecraft:cooked_porkchop":5,"minecraft:sand":18,"minecraft:stripped_spruce_log":19,"minecraft:ink_sac":27,"minecraft:grass_block":1,"minecraft:spectral_arrow":28,"minecraft:mossy_cobblestone":5,"minecraft:dispenser":10,"minecraft:diamond":3,"minecraft:spruce_boat":6,"minecraft:cracked_polished_blackstone_bricks":1,"minecraft:crossbow":1,"minecraft:granite":40,"simpleplanes:large_plane":12,"minecraft:spruce_sign":9,"minecraft:jack_o_lantern":1,"simplefarming:fried_calamari":7,"minecraft:netherrack":24,"minecraft:diamond_pickaxe":2,"minecraft:spruce_leaves":696,"corail_recycler:recycler":1,"minecraft:charcoal":2,"minecraft:crafting_table":14,"magistuarmory:wood_heatershield":1,"minecraft:chicken":4,"minecraft:ladder":6,"simpleplanes:propeller":25,"minecraft:wooden_pickaxe":1,"minecraft:gold_block":15,"magistuarmory:halfarmor_chestplate":1,"gravestone:obituary":3,"minecraft:shield":1,"minecraft:large_fern":1,"minecraft:white_carpet":1,"minecraft:blackstone":3,"simplefarming:oat_seeds":2,"corail_recycler:steel_disk":1,"minecraft:beef":34,"minecraft:oak_boat":3,"minecraft:observer":1,"minecraft:iron_nugget":32,"minecraft:poppy":9,"minecraft:spruce_slab":2,"minecraft:chest":1,"minecraft:birch_sapling":1,"minecraft:spruce_trapdoor":3,"minecraft:egg":1,"corail_recycler:recycling_book":1,"simplefarming:yam_seeds":1,"minecraft:spruce_fence":1,"minecraft:fire_charge":2,"minecraft:polished_blackstone_bricks":9,"simplefarming:raw_calamari":40,"minecraft:stone_shovel":1,"minecraft:arrow":28,"magistuarmory:steel_ingot":1,"magistuarmory:steel_plate":1,"minecraft:beetroot_seeds":2,"minecraft:peony":1,"minecraft:shears":2,"simplefarming:strawberries":3,"minecraft:gold_ingot":11,"minecraft:mutton":24,"minecraft:rail":11,"minecraft:white_wool":22,"minecraft:oxeye_daisy":1,"simpleplanes:helicopter":1,"minecraft:basalt":8,"simplefarming:soybean_seeds":2,"minecraft:tripwire_hook":2,"minecraft:salmon":2,"minecraft:leather":18,"minecraft:fern":14,"simplefarming:soybean":8,"simpleplanes:charging_station":1,"simplefarming:rye_seeds":1,"minecraft:oak_log":31,"minecraft:lily_pad":25,"minecraft:golden_boots":1,"minecraft:cobblestone_wall":9,"minecraft:gunpowder":2,"minecraft:cobblestone_stairs":8,"minecraft:apple":10,"minecraft:iron_ingot":129,"minecraft:stone_pickaxe":4,"minecraft:iron_ore":24,"minecraft:soul_sand":10,"minecraft:pumpkin":3,"minecraft:sweet_berries":9,"simpleplanes:wrench":1,"minecraft:quartz":5,"minecraft:dandelion":3,"minecraft:gravel":119,"minecraft:spruce_sapling":8,"minecraft:blast_furnace":1,"minecraft:spruce_log":140,"minecraft:white_bed":8,"simplefarming:squash_seeds":2,"minecraft:crying_obsidian":3,"minecraft:spruce_door":1,"minecraft:spider_eye":1,"travelersbackpack:standard":14,"minecraft:pumpkin_seeds":12,"magistuarmory:diamond_heavymace":6,"minecraft:purple_bed":1,"simplefarming:sweet_potato_seeds":2,"minecraft:stone_axe":1,"minecraft:baked_potato":9,"minecraft:melon_seeds":1,"minecraft:warped_nylium":1,"minecraft:coal":99,"minecraft:ender_pearl":5},"minecraft:used":{"minecraft:iron_shovel":105,"simpleplanes:charging_station":1,"minecraft:spruce_slab":2,"minecraft:ladder":22,"minecraft:chest":4,"minecraft:shield":165,"magistuarmory:wood_heatershield":80,"minecraft:rotten_flesh":5,"minecraft:spruce_leaves":478,"minecraft:mutton":10,"minecraft:snowball":33,"minecraft:spruce_boat":6,"minecraft:glass":1,"minecraft:lava_bucket":44,"minecraft:birch_sapling":1,"minecraft:bow":1,"simplefarming:tomato_seeds":1,"minecraft:sweet_berries":12,"minecraft:furnace":3,"minecraft:acacia_fence":52,"minecraft:egg":1,"minecraft:potato":147,"epicfight:skillbook":3,"minecraft:spruce_door":1,"minecraft:stone_pickaxe":448,"minecraft:oak_planks":6,"minecraft:blackstone":3,"minecraft:wooden_pickaxe":36,"minecraft:golden_apple":3,"minecraft:blast_furnace":1,"minecraft:crossbow":15,"simplefarming:raw_calamari":4,"minecraft:shears":700,"minecraft:bread":2,"minecraft:gravel":45,"simplefarming:fried_calamari":36,"simpleplanes:plane_workbench":1,"simpleplanes:large_plane":12,"minecraft:grindstone":1,"minecraft:andesite":73,"minecraft:oak_boat":3,"minecraft:smooth_stone_slab":2,"minecraft:stone_shovel":221,"minecraft:spruce_planks":4,"minecraft:cooked_salmon":2,"minecraft:netherrack":22,"minecraft:torch":199,"minecraft:dirt":227,"minecraft:anvil":1,"minecraft:cobblestone_wall":9,"magistuarmory:diamond_heavymace":551,"minecraft:granite":37,"minecraft:spruce_fence":1,"minecraft:wooden_axe":67,"minecraft:iron_axe":221,"minecraft:basalt":6,"minecraft:beef":14,"minecraft:cooked_beef":11,"minecraft:cooked_mutton":17,"minecraft:water_bucket":69,"minecraft:baked_potato":27,"minecraft:spruce_sign":7,"minecraft:cobblestone_slab":7,"simpleplanes:helicopter":1,"minecraft:mossy_cobblestone":3,"minecraft:crafting_table":14,"corail_recycler:recycler":1,"minecraft:white_bed":3,"minecraft:spruce_log":54,"minecraft:diamond_pickaxe":435,"minecraft:apple":4,"minecraft:chicken":4,"minecraft:iron_pickaxe":250,"minecraft:pig_spawn_egg":4,"minecraft:spruce_trapdoor":51,"minecraft:stone_axe":351,"minecraft:cobblestone":612,"minecraft:purple_bed":1,"travelersbackpack:standard":9,"minecraft:porkchop":6,"minecraft:cooked_porkchop":22,"minecraft:bucket":106,"minecraft:purple_carpet":5}},"DataVersion":2586}