{"stats":{"minecraft:dropped":{"minecraft:spruce_sign":2,"minecraft:piston":4,"minecraft:soul_sand":5,"minecraft:birch_planks":39,"minecraft:lapis_lazuli":45,"minecraft:cooked_beef":5,"minecraft:baked_potato":6,"minecraft:ender_pearl":2,"minecraft:diamond":1,"minecraft:crafting_table":5,"minecraft:cooked_porkchop":53,"simplefarming:radish_seeds":1,"minecraft:leather":8,"simplefarming:yam_seeds":1,"travelersbackpack:standard":4,"paraglider:spirit_orb":3,"minecraft:spruce_leaves":8,"minecraft:flint":2,"minecraft:cobblestone_stairs":4,"minecraft:emerald":1,"minecraft:gold_block":4,"minecraft:gray_concrete":2,"minecraft:dirt":20,"minecraft:jack_o_lantern":1,"gravestone:obituary":9,"minecraft:gold_nugget":3,"minecraft:sand":4,"minecraft:iron_pickaxe":2,"simplefarming:spinach_seeds":2,"minecraft:white_wool":32,"simplefarming:lettuce_seeds":1,"minecraft:birch_log":12,"magistuarmory:steel_plate":1,"minecraft:bone":14,"minecraft:gold_ingot":10,"minecraft:oak_door":3,"minecraft:gravel":10,"corail_recycler:recycling_book":1,"minecraft:iron_nugget":24,"minecraft:wheat":1,"minecraft:obsidian":7,"minecraft:rotten_flesh":14,"minecraft:fern":14,"minecraft:oak_planks":39,"minecraft:cooked_mutton":1,"simplefarming:pepper_seeds":1,"minecraft:white_bed":4,"minecraft:poppy":3,"minecraft:birch_trapdoor":14,"minecraft:hopper":2,"minecraft:charcoal":4,"minecraft:beetroot_seeds":2,"magistuarmory:diamond_heavymace":7,"minecraft:melon_seeds":1,"minecraft:leather_boots":1,"simplefarming:strawberries":3,"minecraft:ladder":2,"minecraft:arrow":1,"minecraft:crying_obsidian":3,"minecraft:quartz":5,"minecraft:egg":1,"minecraft:iron_ingot":21,"minecraft:stripped_spruce_log":9,"simplefarming:soybean":2,"minecraft:wheat_seeds":14,"minecraft:feather":2,"minecraft:cobblestone":3,"minecraft:book":18,"simplefarming:carrot_seeds":1,"minecraft:observer":4,"minecraft:granite":14,"minecraft:coal":1,"minecraft:stick":6,"minecraft:oxeye_daisy":3,"simpleplanes:large_plane":2,"minecraft:lava_bucket":4,"simplefarming:soybean_seeds":4,"minecraft:ink_sac":2,"magistuarmory:ceremonialarmet":1,"minecraft:diorite":3,"minecraft:torch":10,"minecraft:fire_charge":1,"minecraft:iron_axe":1,"minecraft:oak_stairs":1,"minecraft:pumpkin":3,"minecraft:smooth_stone":10,"minecraft:string":21,"minecraft:lily_pad":25,"minecraft:tripwire_hook":2,"minecraft:bucket":11,"minecraft:spruce_sapling":6,"minecraft:redstone":23,"simplefarming:tomato_seeds":1,"minecraft:stone_shovel":1,"minecraft:wither_skeleton_skull":1,"simplefarming:mango":2,"minecraft:shears":2,"minecraft:pumpkin_seeds":12,"simplefarming:kenaf_seeds":1,"minecraft:potato":1,"minecraft:shield":1,"minecraft:spruce_planks":26,"minecraft:diamond_pickaxe":5,"minecraft:andesite":2,"magistuarmory:ceremonial_chestplate":1,"minecraft:golden_leggings":1,"minecraft:oak_boat":1,"minecraft:birch_sign":3,"minecraft:spruce_log":1,"minecraft:stone_pickaxe":5},"minecraft:broken":{"magistuarmory:knight_boots":1,"minecraft:golden_boots":1,"minecraft:shears":3,"minecraft:stone_pickaxe":2,"minecraft:stone_axe":2,"minecraft:wooden_axe":2,"magistuarmory:armet":1,"minecraft:stone_shovel":1,"minecraft:iron_pickaxe":1},"minecraft:crafted":{"minecraft:smooth_stone":13,"minecraft:oak_planks":112,"minecraft:cobblestone_slab":6,"minecraft:cooked_chicken":45,"travelersbackpack:sleeping_bag":1,"minecraft:stone":3,"minecraft:cooked_mutton":65,"simpleplanes:healing":2,"minecraft:glass":18,"minecraft:hopper":2,"magistuarmory:diamond_heavymace":1,"simpleplanes:large_plane":2,"minecraft:birch_fence_gate":2,"minecraft:chest":9,"magistuarmory:pole":1,"minecraft:emerald":2,"minecraft:arrow":48,"minecraft:cooked_porkchop":56,"minecraft:crafting_table":9,"minecraft:spruce_planks":366,"travelersbackpack:standard":1,"minecraft:wooden_pickaxe":1,"minecraft:baked_potato":24,"minecraft:smithing_table":1,"minecraft:red_wool":8,"magistuarmory:wood_roundshield":1,"minecraft:birch_planks":132,"magistuarmory:halfarmor_chestplate":2,"minecraft:spruce_trapdoor":50,"minecraft:diamond_pickaxe":1,"minecraft:charcoal":10,"minecraft:yellow_dye":3,"minecraft:shield":2,"minecraft:light_weighted_pressure_plate":3,"minecraft:stick":154,"minecraft:iron_ingot":379,"minecraft:iron_pickaxe":4,"minecraft:iron_block":3,"minecraft:gold_ingot":45,"minecraft:shears":3,"magistuarmory:leather_strip":12,"minecraft:oak_door":3,"simpleplanes:helicopter":1,"minecraft:stone_shovel":1,"minecraft:tripwire_hook":2,"minecraft:leather_boots":1,"simpleplanes:booster":2,"simpleplanes:plane_workbench":1,"magistuarmory:knight_boots":2,"magistuarmory:wood_heatershield":1,"minecraft:furnace":4,"minecraft:blast_furnace":1,"minecraft:piston":4,"minecraft:flint_and_steel":4,"magistuarmory:hilt":3,"simplefarming:fried_calamari":29,"simpleplanes:electric_engine":1,"magistuarmory:knight_leggings":3,"minecraft:iron_axe":2,"minecraft:ladder":24,"magistuarmory:steel_ingot":78,"minecraft:stone_pickaxe":4,"minecraft:spruce_boat":2,"magistuarmory:barbute":2,"simpleplanes:propeller":25,"minecraft:redstone_block":2,"magistuarmory:steel_plate":54,"minecraft:birch_sign":3,"minecraft:observer":2,"minecraft:cooked_beef":71,"paraglider:paraglider":1,"minecraft:red_dye":9,"minecraft:enchanting_table":1,"travelersbackpack:backpack_tank":2,"simpleplanes:furnace_engine":1,"minecraft:cooked_salmon":6,"magistuarmory:knight_chestplate":2,"minecraft:bucket":6,"minecraft:stone_axe":6,"minecraft:oak_boat":2,"minecraft:golden_apple":1,"minecraft:birch_trapdoor":14,"minecraft:oak_stairs":4,"minecraft:wooden_axe":3,"minecraft:iron_shovel":1,"minecraft:anvil":1,"minecraft:white_bed":10,"simpleplanes:wrench":1,"magistuarmory:heavy_crossbow":1,"magistuarmory:armet":3,"minecraft:torch":92},"minecraft:killed_by":{"minecraft:zombie":5,"minecraft:skeleton":1},"minecraft:killed":{"minecraft:cave_spider":8,"minecraft:zombified_piglin":4,"minecraft:spider":1,"minecraft:skeleton":23,"minecraft:chicken":49,"minecraft:piglin_brute":1,"minecraft:cat":1,"minecraft:magma_cube":8,"minecraft:pig":30,"minecraft:zombie_villager":1,"minecraft:salmon":6,"minecraft:iron_golem":2,"minecraft:creeper":2,"minecraft:sheep":49,"minecraft:trader_llama":2,"minecraft:zombie":19,"minecraft:blaze":22,"minecraft:cow":47,"minecraft:horse":3,"minecraft:wandering_trader":1,"minecraft:squid":16,"minecraft:villager":1,"minecraft:enderman":1},"minecraft:mined":{"minecraft:white_bed":3,"minecraft:spruce_planks":8,"minecraft:farmland":2,"minecraft:cobblestone_stairs":8,"minecraft:brewing_stand":1,"minecraft:obsidian":18,"minecraft:spruce_trapdoor":3,"minecraft:granite":55,"minecraft:grass_block":75,"minecraft:cracked_polished_blackstone_bricks":1,"minecraft:oxeye_daisy":1,"minecraft:spawner":1,"minecraft:polished_blackstone_bricks":9,"minecraft:magma_block":1,"minecraft:iron_ore":19,"minecraft:fire":20,"minecraft:pumpkin":3,"minecraft:anvil":2,"minecraft:oak_stairs":2,"minecraft:purple_carpet":5,"minecraft:spruce_slab":2,"minecraft:tripwire":2,"minecraft:blackstone":1,"minecraft:chiseled_quartz_block":4,"minecraft:torch":23,"minecraft:blast_furnace":2,"minecraft:poppy":6,"minecraft:chest":1,"simpleplanes:charging_station":1,"minecraft:white_stained_glass_pane":1,"minecraft:spruce_wall_sign":5,"minecraft:cobblestone":259,"minecraft:grindstone":1,"minecraft:oak_planks":21,"minecraft:wall_torch":18,"minecraft:birch_log":45,"minecraft:wheat":1,"simplefarming:soybean_crop":2,"simplefarming:tomato_crop":1,"minecraft:smooth_stone_slab":1,"minecraft:grass":163,"minecraft:oak_log":29,"minecraft:acacia_fence":152,"minecraft:smooth_quartz":4,"minecraft:sand":18,"minecraft:dirt":230,"minecraft:tripwire_hook":2,"simplefarming:orange_leaves":1,"minecraft:dispenser":9,"minecraft:oak_leaves":12,"minecraft:light_blue_stained_glass_pane":5,"simpleplanes:plane_workbench":1,"minecraft:mossy_cobblestone":5,"minecraft:jack_o_lantern":1,"minecraft:birch_fence_gate":2,"minecraft:ladder":5,"gravestone:gravestone":7,"minecraft:spruce_fence":1,"minecraft:redstone_wire":3,"minecraft:spruce_leaves":754,"minecraft:hay_block":1,"minecraft:large_fern":12,"minecraft:spruce_sapling":1,"minecraft:furnace":1,"minecraft:snow":33,"minecraft:andesite":84,"minecraft:stripped_spruce_log":10,"simplefarming:mango_leaves":2,"minecraft:gold_block":16,"minecraft:bookshelf":6,"minecraft:potatoes":30,"minecraft:rail":1,"minecraft:cobblestone_slab":1,"minecraft:lantern":1,"minecraft:packed_ice":5,"minecraft:stone":627,"minecraft:gray_concrete":2,"minecraft:glass_pane":6,"minecraft:basalt":11,"minecraft:dandelion":5,"minecraft:oak_fence":2,"corail_recycler:recycler":2,"minecraft:crafting_table":9,"minecraft:campfire":1,"minecraft:tall_grass":21,"minecraft:lapis_ore":4,"minecraft:diorite":85,"minecraft:blue_bed":1,"minecraft:spruce_stairs":2,"minecraft:purple_bed":1,"minecraft:cobblestone_wall":9,"minecraft:sweet_berry_bush":5,"minecraft:spruce_log":155,"minecraft:white_carpet":1,"minecraft:birch_leaves":56,"minecraft:grass_path":33,"minecraft:coal_ore":56,"minecraft:gravel":29,"minecraft:cracked_stone_bricks":1,"minecraft:stone_bricks":2,"minecraft:chipped_anvil":1,"minecraft:fern":4},"minecraft:custom":{"minecraft:animals_bred":1,"minecraft:interact_with_crafting_table":188,"minecraft:open_barrel":48,"goblintraders:trade_with_goblin":3,"minecraft:bell_ring":3,"minecraft:leave_game":34,"minecraft:time_since_death":115852,"minecraft:sprint_one_cm":1408708,"minecraft:damage_blocked_by_shield":630,"minecraft:drop":414,"minecraft:talked_to_villager":18,"minecraft:deaths":10,"minecraft:jump":9738,"minecraft:walk_on_water_one_cm":85346,"minecraft:enchant_item":3,"minecraft:interact_with_furnace":91,"minecraft:play_one_minute":1192289,"minecraft:sleep_in_bed":53,"minecraft:damage_dealt":34074,"minecraft:crouch_one_cm":58211,"minecraft:interact_with_smoker":29,"minecraft:interact_with_anvil":4,"minecraft:mob_kills":288,"minecraft:inspect_hopper":1,"minecraft:climb_one_cm":26807,"minecraft:walk_one_cm":2510804,"minecraft:damage_dealt_absorbed":54,"minecraft:sneak_time":25935,"minecraft:walk_under_water_one_cm":78435,"minecraft:boat_one_cm":2099423,"minecraft:interact_with_blast_furnace":37,"minecraft:tune_noteblock":1,"minecraft:interact_with_grindstone":1,"minecraft:time_since_rest":2625,"minecraft:damage_absorbed":177,"minecraft:damage_taken":15202,"minecraft:swim_one_cm":65800,"minecraft:fly_one_cm":1643408,"minecraft:open_chest":126,"minecraft:fall_one_cm":159358},"minecraft:picked_up":{"minecraft:wheat":1,"minecraft:anvil":2,"minecraft:lead":12,"minecraft:enchanted_book":1,"minecraft:nether_brick":3,"minecraft:brewing_stand":1,"minecraft:string":59,"minecraft:smooth_stone_slab":2,"minecraft:gold_nugget":4,"minecraft:spruce_planks":33,"minecraft:rose_bush":2,"minecraft:cobblestone_slab":1,"minecraft:iron_pickaxe":3,"simplefarming:spinach_seeds":2,"minecraft:furnace":1,"minecraft:stick":15,"minecraft:acacia_fence":153,"minecraft:oak_fence":1,"minecraft:torch":92,"minecraft:spruce_stairs":2,"epicfight:skillbook":1,"minecraft:porkchop":54,"minecraft:diorite":88,"simplefarming:carrot_seeds":1,"minecraft:rotten_flesh":29,"simplefarming:pepper_seeds":1,"minecraft:blaze_rod":12,"minecraft:obsidian":19,"minecraft:snowball":33,"minecraft:cobblestone":955,"simpleplanes:electric_engine":1,"minecraft:birch_log":45,"minecraft:magma_block":2,"minecraft:feather":47,"minecraft:cooked_beef":5,"minecraft:andesite":93,"minecraft:potato":100,"paraglider:spirit_orb":6,"minecraft:flint":33,"minecraft:wither_skeleton_skull":1,"minecraft:gray_concrete":2,"minecraft:lapis_lazuli":67,"minecraft:dirt":347,"minecraft:purple_carpet":5,"minecraft:leather_boots":1,"simplefarming:cucumber_seeds":2,"minecraft:bone":34,"minecraft:chipped_anvil":1,"minecraft:bow":1,"minecraft:wheat_seeds":40,"simpleplanes:plane_workbench":1,"simplefarming:kenaf_seeds":1,"simplefarming:lettuce_seeds":1,"minecraft:grindstone":1,"simplefarming:tomato_seeds":2,"minecraft:oak_planks":63,"simplefarming:raw_horse_meat":9,"minecraft:cooked_porkchop":5,"simplefarming:radish_seeds":1,"minecraft:sand":22,"minecraft:stripped_spruce_log":19,"minecraft:ink_sac":29,"minecraft:grass_block":1,"minecraft:spectral_arrow":28,"minecraft:mossy_cobblestone":5,"minecraft:dispenser":10,"minecraft:diamond":7,"minecraft:spruce_boat":6,"minecraft:bone_meal":27,"minecraft:cracked_polished_blackstone_bricks":1,"minecraft:crossbow":1,"minecraft:granite":54,"simpleplanes:large_plane":12,"minecraft:spruce_sign":9,"minecraft:emerald":3,"minecraft:piglin_banner_pattern":1,"minecraft:jack_o_lantern":1,"simplefarming:fried_calamari":7,"minecraft:netherrack":24,"minecraft:diamond_pickaxe":5,"minecraft:spruce_leaves":696,"corail_recycler:recycler":2,"minecraft:charcoal":2,"minecraft:crafting_table":15,"magistuarmory:wood_heatershield":1,"minecraft:chicken":49,"minecraft:ladder":8,"simpleplanes:propeller":25,"minecraft:wooden_pickaxe":1,"minecraft:gold_block":15,"magistuarmory:halfarmor_chestplate":1,"gravestone:obituary":3,"minecraft:shield":1,"minecraft:iron_axe":1,"simplefarming:mango":2,"minecraft:large_fern":1,"minecraft:white_carpet":1,"minecraft:blackstone":3,"simplefarming:oat_seeds":2,"corail_recycler:steel_disk":2,"minecraft:beef":94,"minecraft:oak_boat":3,"magistuarmory:knight_leggings":1,"minecraft:observer":2,"minecraft:iron_nugget":32,"minecraft:poppy":9,"minecraft:spruce_slab":2,"minecraft:chest":1,"minecraft:birch_sapling":1,"minecraft:spruce_trapdoor":3,"minecraft:egg":2,"corail_recycler:recycling_book":1,"simplefarming:yam_seeds":1,"minecraft:spruce_fence":1,"minecraft:fire_charge":4,"minecraft:polished_blackstone_bricks":9,"simplefarming:onion_seeds":1,"minecraft:redstone":5,"simplefarming:raw_calamari":43,"minecraft:arrow":30,"minecraft:stone_shovel":1,"magistuarmory:steel_ingot":1,"magistuarmory:steel_plate":2,"minecraft:beetroot_seeds":2,"minecraft:peony":1,"minecraft:shears":2,"simplefarming:strawberries":3,"minecraft:hay_block":1,"minecraft:gold_ingot":11,"minecraft:mutton":71,"minecraft:rail":11,"minecraft:white_wool":93,"minecraft:oxeye_daisy":3,"simpleplanes:helicopter":1,"minecraft:basalt":8,"simplefarming:soybean_seeds":5,"minecraft:tripwire_hook":2,"minecraft:salmon":6,"minecraft:leather":65,"minecraft:fern":14,"simplefarming:soybean":8,"minecraft:birch_planks":30,"simpleplanes:charging_station":1,"simplefarming:rye_seeds":1,"minecraft:oak_log":38,"minecraft:lily_pad":25,"minecraft:golden_boots":1,"minecraft:cobblestone_wall":9,"minecraft:gunpowder":2,"minecraft:cobblestone_stairs":8,"minecraft:blue_bed":1,"minecraft:apple":10,"minecraft:iron_ingot":129,"minecraft:stone_pickaxe":4,"minecraft:iron_ore":25,"minecraft:soul_sand":10,"minecraft:book":80,"minecraft:pumpkin":3,"minecraft:sweet_berries":9,"simpleplanes:wrench":1,"minecraft:quartz":23,"minecraft:dandelion":3,"minecraft:gravel":119,"minecraft:spruce_sapling":8,"minecraft:blast_furnace":2,"minecraft:spruce_log":149,"minecraft:white_bed":8,"simplefarming:squash_seeds":2,"minecraft:crying_obsidian":3,"minecraft:spruce_door":1,"minecraft:spider_eye":1,"travelersbackpack:standard":15,"minecraft:pumpkin_seeds":12,"magistuarmory:diamond_heavymace":7,"minecraft:purple_bed":1,"simplefarming:sweet_potato_seeds":2,"minecraft:stone_axe":1,"minecraft:birch_sign":3,"minecraft:baked_potato":9,"minecraft:melon_seeds":1,"minecraft:warped_nylium":1,"minecraft:coal":123,"minecraft:ender_pearl":5},"minecraft:used":{"minecraft:iron_shovel":106,"simpleplanes:charging_station":1,"minecraft:spruce_slab":2,"minecraft:ladder":24,"minecraft:chest":7,"minecraft:shield":165,"magistuarmory:wood_heatershield":80,"minecraft:rotten_flesh":5,"minecraft:spruce_leaves":478,"minecraft:mutton":10,"minecraft:snowball":33,"minecraft:spruce_boat":6,"minecraft:glass":1,"minecraft:lava_bucket":46,"minecraft:birch_sapling":1,"minecraft:bow":1,"minecraft:hay_block":1,"simplefarming:tomato_seeds":1,"minecraft:sweet_berries":12,"minecraft:furnace":4,"minecraft:acacia_fence":175,"minecraft:egg":1,"minecraft:potato":147,"epicfight:skillbook":3,"minecraft:diorite":10,"minecraft:spruce_door":1,"minecraft:stone_pickaxe":448,"minecraft:oak_planks":6,"minecraft:blackstone":3,"minecraft:wooden_pickaxe":36,"minecraft:blue_bed":1,"minecraft:golden_apple":3,"minecraft:blast_furnace":1,"minecraft:crossbow":17,"simplefarming:raw_calamari":7,"minecraft:shears":700,"minecraft:birch_fence_gate":2,"minecraft:bread":2,"minecraft:gravel":45,"simplefarming:fried_calamari":36,"simpleplanes:plane_workbench":2,"simpleplanes:large_plane":12,"minecraft:smithing_table":1,"minecraft:grindstone":1,"minecraft:andesite":82,"minecraft:oak_boat":3,"minecraft:smooth_stone_slab":2,"minecraft:enchanting_table":1,"minecraft:stone_shovel":221,"minecraft:spruce_planks":4,"minecraft:cooked_salmon":6,"minecraft:netherrack":22,"minecraft:torch":215,"minecraft:dirt":227,"minecraft:anvil":3,"minecraft:cobblestone_wall":9,"magistuarmory:diamond_heavymace":829,"minecraft:granite":37,"minecraft:spruce_fence":1,"minecraft:wooden_axe":67,"minecraft:oak_stairs":3,"minecraft:iron_axe":388,"minecraft:basalt":6,"minecraft:beef":14,"magistuarmory:heavy_crossbow":18,"minecraft:cooked_beef":21,"minecraft:cooked_mutton":17,"minecraft:water_bucket":212,"minecraft:baked_potato":27,"minecraft:spruce_sign":7,"minecraft:cobblestone_slab":7,"simpleplanes:helicopter":1,"minecraft:mossy_cobblestone":3,"minecraft:crafting_table":15,"corail_recycler:recycler":2,"minecraft:white_bed":3,"minecraft:spruce_log":54,"minecraft:diamond_pickaxe":703,"minecraft:apple":4,"minecraft:chicken":4,"minecraft:iron_pickaxe":250,"minecraft:pig_spawn_egg":4,"minecraft:spruce_trapdoor":51,"minecraft:stone_axe":351,"minecraft:purple_bed":1,"minecraft:cobblestone":676,"travelersbackpack:standard":9,"minecraft:porkchop":6,"minecraft:cooked_porkchop":22,"minecraft:bucket":251,"minecraft:purple_carpet":5}},"DataVersion":2586}