{"stats":{"minecraft:killed_by":{"minecraft:skeleton":1,"minecraft:zombie":1},"minecraft:custom":{"minecraft:mob_kills":21,"minecraft:interact_with_crafting_table":31,"minecraft:bell_ring":2,"minecraft:leave_game":3,"minecraft:time_since_death":42198,"minecraft:climb_one_cm":8108,"minecraft:sprint_one_cm":248667,"minecraft:walk_one_cm":366133,"minecraft:damage_blocked_by_shield":630,"minecraft:drop":93,"minecraft:talked_to_villager":6,"minecraft:deaths":3,"minecraft:sneak_time":2176,"minecraft:walk_under_water_one_cm":16176,"minecraft:boat_one_cm":1339176,"minecraft:jump":1680,"minecraft:interact_with_blast_furnace":8,"minecraft:walk_on_water_one_cm":11996,"minecraft:interact_with_furnace":17,"minecraft:play_one_minute":217393,"minecraft:interact_with_grindstone":1,"minecraft:sleep_in_bed":14,"minecraft:time_since_rest":12774,"minecraft:damage_taken":2809,"minecraft:damage_absorbed":97,"minecraft:damage_dealt":3623,"minecraft:swim_one_cm":43817,"minecraft:fly_one_cm":213884,"minecraft:open_chest":13,"minecraft:crouch_one_cm":1379,"minecraft:interact_with_smoker":3,"minecraft:fall_one_cm":36828},"minecraft:killed":{"minecraft:skeleton":2,"minecraft:chicken":2,"minecraft:zombie_villager":1,"minecraft:iron_golem":1,"minecraft:sheep":6,"minecraft:zombie":1,"minecraft:cow":7},"minecraft:broken":{"minecraft:shears":3,"minecraft:stone_pickaxe":1,"minecraft:stone_axe":1,"minecraft:wooden_axe":1},"minecraft:mined":{"minecraft:spruce_planks":3,"minecraft:white_bed":3,"minecraft:mossy_cobblestone":5,"minecraft:cobblestone_stairs":8,"minecraft:spruce_trapdoor":2,"gravestone:gravestone":3,"minecraft:ladder":1,"minecraft:grass_block":23,"minecraft:spruce_leaves":712,"minecraft:large_fern":10,"minecraft:magma_block":1,"minecraft:furnace":1,"minecraft:iron_ore":1,"minecraft:fire":3,"minecraft:andesite":5,"minecraft:stone":68,"minecraft:glass_pane":5,"minecraft:crafting_table":6,"minecraft:torch":2,"minecraft:blast_furnace":1,"minecraft:chest":1,"minecraft:campfire":1,"minecraft:tall_grass":8,"minecraft:cobblestone":97,"minecraft:grindstone":1,"minecraft:diorite":5,"minecraft:wall_torch":2,"minecraft:spruce_stairs":2,"minecraft:purple_bed":1,"minecraft:cobblestone_wall":9,"minecraft:wheat":1,"minecraft:spruce_log":52,"minecraft:grass_path":5,"minecraft:smooth_stone_slab":1,"minecraft:grass":55,"minecraft:oak_log":15,"minecraft:coal_ore":31,"minecraft:gravel":1,"minecraft:sand":1,"minecraft:dirt":44,"simplefarming:orange_leaves":1,"minecraft:oak_leaves":4,"minecraft:fern":4},"minecraft:used":{"minecraft:stone_shovel":38,"minecraft:chest":1,"minecraft:spruce_planks":4,"minecraft:shield":26,"minecraft:spruce_leaves":80,"minecraft:torch":37,"minecraft:dirt":5,"minecraft:mutton":7,"minecraft:cobblestone_wall":9,"minecraft:spruce_boat":4,"minecraft:glass":1,"minecraft:wooden_axe":37,"minecraft:furnace":2,"minecraft:egg":1,"minecraft:cooked_beef":11,"minecraft:spruce_door":1,"minecraft:stone_pickaxe":262,"minecraft:baked_potato":12,"minecraft:wooden_pickaxe":36,"minecraft:mossy_cobblestone":3,"minecraft:crafting_table":7,"minecraft:blast_furnace":1,"minecraft:white_bed":3,"minecraft:shears":700,"minecraft:spruce_log":44,"minecraft:chicken":3,"minecraft:bread":2,"minecraft:spruce_trapdoor":2,"minecraft:stone_axe":150,"minecraft:purple_bed":1,"minecraft:cobblestone":115,"minecraft:grindstone":1,"minecraft:cooked_porkchop":4,"minecraft:smooth_stone_slab":2,"minecraft:oak_boat":1},"minecraft:picked_up":{"minecraft:spruce_leaves":691,"minecraft:charcoal":2,"minecraft:crafting_table":7,"minecraft:wheat":1,"minecraft:ladder":2,"minecraft:chicken":3,"minecraft:wooden_pickaxe":1,"magistuarmory:halfarmor_chestplate":1,"minecraft:string":2,"minecraft:large_fern":1,"minecraft:smooth_stone_slab":2,"simplefarming:oat_seeds":2,"minecraft:spruce_planks":18,"minecraft:beef":11,"minecraft:oak_boat":1,"minecraft:poppy":1,"minecraft:chest":1,"minecraft:spruce_trapdoor":2,"minecraft:furnace":1,"minecraft:egg":1,"minecraft:stick":6,"minecraft:torch":8,"simplefarming:yam_seeds":1,"minecraft:spruce_stairs":2,"minecraft:diorite":8,"simplefarming:carrot_seeds":1,"minecraft:arrow":10,"minecraft:beetroot_seeds":1,"minecraft:shears":2,"minecraft:mutton":10,"minecraft:white_wool":10,"minecraft:cobblestone":164,"minecraft:magma_block":2,"minecraft:feather":6,"minecraft:cooked_beef":4,"minecraft:andesite":5,"minecraft:leather":4,"minecraft:fern":14,"minecraft:potato":17,"simplefarming:rye_seeds":1,"minecraft:oak_log":24,"minecraft:lily_pad":24,"minecraft:cobblestone_wall":9,"minecraft:cobblestone_stairs":8,"minecraft:dirt":82,"minecraft:leather_boots":1,"simplefarming:cucumber_seeds":2,"minecraft:bone":14,"minecraft:wheat_seeds":27,"minecraft:stone_pickaxe":3,"minecraft:grindstone":1,"minecraft:iron_ingot":14,"minecraft:iron_ore":1,"minecraft:oak_planks":19,"minecraft:gravel":2,"minecraft:sand":1,"minecraft:spruce_sapling":5,"minecraft:blast_furnace":1,"simplefarming:squash_seeds":2,"minecraft:white_bed":8,"minecraft:spruce_log":52,"minecraft:spruce_door":1,"minecraft:mossy_cobblestone":5,"minecraft:pumpkin_seeds":12,"minecraft:purple_bed":1,"simplefarming:sweet_potato_seeds":2,"minecraft:diamond":1,"minecraft:spruce_boat":4,"minecraft:baked_potato":5,"minecraft:coal":65},"minecraft:crafted":{"minecraft:oak_planks":56,"minecraft:stone_shovel":1,"minecraft:leather_boots":1,"minecraft:furnace":1,"minecraft:cooked_mutton":3,"minecraft:glass":1,"magistuarmory:steel_ingot":8,"minecraft:stone_pickaxe":3,"minecraft:spruce_boat":1,"magistuarmory:steel_plate":2,"minecraft:cooked_beef":11,"minecraft:crafting_table":4,"minecraft:spruce_planks":42,"minecraft:wooden_pickaxe":1,"minecraft:baked_potato":7,"minecraft:stone_axe":2,"magistuarmory:halfarmor_chestplate":1,"minecraft:oak_boat":1,"minecraft:spruce_trapdoor":2,"minecraft:shield":2,"minecraft:stick":26,"minecraft:wooden_axe":1,"minecraft:white_bed":1,"minecraft:torch":54,"minecraft:shears":3},"minecraft:dropped":{"minecraft:iron_ingot":1,"minecraft:wheat_seeds":3,"minecraft:cooked_beef":4,"minecraft:diamond":1,"minecraft:crafting_table":1,"minecraft:cobblestone":2,"simplefarming:carrot_seeds":1,"simplefarming:yam_seeds":1,"minecraft:coal":1,"minecraft:cobblestone_stairs":4,"minecraft:spruce_leaves":3,"minecraft:dirt":11,"minecraft:diorite":2,"minecraft:torch":3,"gravestone:obituary":3,"minecraft:string":2,"minecraft:lily_pad":24,"minecraft:spruce_sapling":4,"minecraft:bone":6,"minecraft:wheat":1,"minecraft:oak_planks":21,"minecraft:fern":14,"minecraft:white_bed":4,"minecraft:shears":2,"minecraft:pumpkin_seeds":12,"minecraft:poppy":1,"minecraft:shield":1,"minecraft:charcoal":2,"minecraft:beetroot_seeds":1,"minecraft:leather_boots":1,"minecraft:oak_boat":1,"minecraft:spruce_log":1,"minecraft:arrow":1,"minecraft:stone_pickaxe":3}},"DataVersion":2586}