{"stats":{"minecraft:mined":{"minecraft:spruce_planks":3,"minecraft:white_bed":3,"minecraft:farmland":2,"minecraft:cobblestone_stairs":8,"minecraft:brewing_stand":1,"minecraft:obsidian":7,"minecraft:spruce_trapdoor":2,"minecraft:granite":32,"minecraft:grass_block":60,"minecraft:cracked_polished_blackstone_bricks":1,"minecraft:spawner":1,"minecraft:polished_blackstone_bricks":9,"minecraft:magma_block":1,"minecraft:iron_ore":12,"minecraft:fire":14,"minecraft:pumpkin":3,"minecraft:blackstone":1,"minecraft:torch":20,"minecraft:blast_furnace":1,"minecraft:poppy":6,"minecraft:chest":1,"minecraft:spruce_wall_sign":5,"minecraft:cobblestone":218,"minecraft:grindstone":1,"minecraft:oak_planks":17,"minecraft:wall_torch":10,"minecraft:wheat":1,"simplefarming:tomato_crop":1,"simplefarming:soybean_crop":2,"minecraft:smooth_stone_slab":1,"minecraft:grass":77,"minecraft:oak_log":22,"minecraft:acacia_fence":52,"minecraft:sand":18,"minecraft:dirt":166,"simplefarming:orange_leaves":1,"minecraft:oak_leaves":5,"minecraft:mossy_cobblestone":5,"minecraft:jack_o_lantern":1,"gravestone:gravestone":6,"minecraft:ladder":1,"minecraft:spruce_leaves":741,"minecraft:large_fern":11,"minecraft:spruce_sapling":1,"minecraft:furnace":1,"minecraft:andesite":75,"minecraft:potatoes":10,"minecraft:rail":1,"minecraft:stone":408,"minecraft:glass_pane":6,"minecraft:basalt":11,"minecraft:dandelion":4,"minecraft:oak_fence":2,"minecraft:crafting_table":7,"minecraft:campfire":1,"minecraft:tall_grass":12,"minecraft:lapis_ore":4,"minecraft:diorite":10,"minecraft:spruce_stairs":2,"minecraft:purple_bed":1,"minecraft:cobblestone_wall":9,"minecraft:sweet_berry_bush":5,"minecraft:spruce_log":73,"minecraft:birch_leaves":2,"minecraft:grass_path":33,"minecraft:coal_ore":32,"minecraft:gravel":26,"minecraft:fern":4},"minecraft:broken":{"minecraft:golden_boots":1,"minecraft:shears":3,"minecraft:stone_pickaxe":2,"minecraft:stone_axe":2,"minecraft:wooden_axe":2,"minecraft:stone_shovel":1,"minecraft:iron_pickaxe":1},"minecraft:killed":{"minecraft:cave_spider":8,"minecraft:spider":1,"minecraft:skeleton":4,"minecraft:chicken":3,"minecraft:cat":1,"minecraft:magma_cube":8,"minecraft:pig":1,"minecraft:zombie_villager":1,"minecraft:salmon":2,"minecraft:iron_golem":2,"minecraft:creeper":1,"minecraft:sheep":17,"minecraft:zombie":16,"minecraft:blaze":11,"minecraft:cow":15,"minecraft:squid":14,"minecraft:enderman":1},"minecraft:used":{"minecraft:chest":4,"minecraft:shield":136,"minecraft:rotten_flesh":5,"minecraft:spruce_leaves":478,"minecraft:mutton":10,"minecraft:spruce_boat":6,"minecraft:glass":1,"minecraft:lava_bucket":44,"minecraft:bow":1,"simplefarming:tomato_seeds":1,"minecraft:sweet_berries":12,"minecraft:furnace":3,"minecraft:acacia_fence":52,"minecraft:egg":1,"minecraft:spruce_door":1,"minecraft:stone_pickaxe":448,"minecraft:oak_planks":2,"minecraft:blackstone":3,"minecraft:wooden_pickaxe":36,"minecraft:golden_apple":3,"minecraft:blast_furnace":1,"simplefarming:raw_calamari":4,"minecraft:shears":700,"minecraft:bread":2,"minecraft:gravel":1,"simplefarming:fried_calamari":13,"minecraft:grindstone":1,"minecraft:andesite":70,"minecraft:smooth_stone_slab":2,"minecraft:oak_boat":2,"minecraft:stone_shovel":221,"minecraft:spruce_planks":4,"minecraft:cooked_salmon":2,"minecraft:netherrack":22,"minecraft:torch":136,"minecraft:dirt":154,"minecraft:cobblestone_wall":9,"magistuarmory:diamond_heavymace":219,"minecraft:granite":16,"minecraft:wooden_axe":67,"minecraft:iron_axe":86,"minecraft:basalt":6,"minecraft:beef":14,"minecraft:cooked_beef":11,"minecraft:cooked_mutton":17,"minecraft:water_bucket":29,"minecraft:baked_potato":27,"minecraft:spruce_sign":6,"minecraft:mossy_cobblestone":3,"minecraft:crafting_table":12,"minecraft:white_bed":3,"minecraft:spruce_log":44,"minecraft:diamond_pickaxe":236,"minecraft:apple":4,"minecraft:chicken":4,"minecraft:iron_pickaxe":250,"minecraft:pig_spawn_egg":4,"minecraft:spruce_trapdoor":2,"minecraft:stone_axe":351,"minecraft:cobblestone":373,"minecraft:purple_bed":1,"travelersbackpack:standard":9,"minecraft:porkchop":6,"minecraft:cooked_porkchop":21,"minecraft:bucket":66},"minecraft:picked_up":{"minecraft:wheat":1,"minecraft:brewing_stand":1,"minecraft:string":43,"minecraft:smooth_stone_slab":2,"minecraft:spruce_planks":22,"minecraft:rose_bush":2,"minecraft:iron_pickaxe":1,"minecraft:furnace":1,"minecraft:stick":15,"minecraft:acacia_fence":52,"minecraft:oak_fence":1,"minecraft:torch":50,"minecraft:spruce_stairs":2,"minecraft:porkchop":6,"minecraft:diorite":13,"simplefarming:carrot_seeds":1,"minecraft:rotten_flesh":23,"minecraft:blaze_rod":7,"minecraft:obsidian":7,"minecraft:cobblestone":646,"minecraft:magma_block":2,"minecraft:feather":8,"minecraft:cooked_beef":4,"minecraft:andesite":81,"minecraft:potato":25,"paraglider:spirit_orb":5,"minecraft:flint":5,"minecraft:lapis_lazuli":22,"minecraft:dirt":264,"minecraft:leather_boots":1,"simplefarming:cucumber_seeds":2,"minecraft:bone":22,"minecraft:bow":1,"minecraft:wheat_seeds":29,"minecraft:grindstone":1,"simplefarming:tomato_seeds":1,"minecraft:oak_planks":34,"minecraft:cooked_porkchop":4,"minecraft:sand":18,"minecraft:ink_sac":27,"minecraft:grass_block":1,"minecraft:mossy_cobblestone":5,"minecraft:spruce_boat":6,"minecraft:diamond":3,"minecraft:cracked_polished_blackstone_bricks":1,"minecraft:granite":30,"minecraft:spruce_sign":7,"minecraft:jack_o_lantern":1,"minecraft:netherrack":24,"minecraft:diamond_pickaxe":1,"minecraft:spruce_leaves":696,"minecraft:charcoal":2,"minecraft:crafting_table":12,"minecraft:chicken":4,"minecraft:ladder":2,"minecraft:wooden_pickaxe":1,"magistuarmory:halfarmor_chestplate":1,"gravestone:obituary":2,"minecraft:large_fern":1,"minecraft:blackstone":3,"simplefarming:oat_seeds":2,"minecraft:beef":34,"minecraft:oak_boat":2,"minecraft:poppy":9,"minecraft:chest":1,"minecraft:spruce_trapdoor":2,"minecraft:egg":1,"simplefarming:yam_seeds":1,"minecraft:polished_blackstone_bricks":9,"simplefarming:raw_calamari":40,"minecraft:arrow":19,"magistuarmory:steel_plate":1,"minecraft:beetroot_seeds":1,"minecraft:peony":1,"minecraft:shears":2,"minecraft:gold_ingot":1,"minecraft:mutton":24,"minecraft:white_wool":22,"minecraft:rail":11,"minecraft:basalt":8,"simplefarming:soybean_seeds":2,"minecraft:salmon":2,"minecraft:leather":16,"minecraft:fern":14,"simplefarming:soybean":8,"simplefarming:rye_seeds":1,"minecraft:oak_log":31,"minecraft:lily_pad":24,"minecraft:golden_boots":1,"minecraft:gunpowder":2,"minecraft:cobblestone_wall":9,"minecraft:cobblestone_stairs":8,"minecraft:apple":10,"minecraft:iron_ingot":74,"minecraft:stone_pickaxe":4,"minecraft:iron_ore":18,"minecraft:pumpkin":3,"minecraft:sweet_berries":9,"minecraft:dandelion":3,"minecraft:gravel":32,"minecraft:spruce_sapling":8,"minecraft:blast_furnace":1,"minecraft:white_bed":8,"minecraft:spruce_log":73,"simplefarming:squash_seeds":2,"minecraft:spruce_door":1,"minecraft:spider_eye":1,"travelersbackpack:standard":13,"minecraft:pumpkin_seeds":12,"magistuarmory:diamond_heavymace":4,"minecraft:purple_bed":1,"simplefarming:sweet_potato_seeds":2,"minecraft:stone_axe":1,"minecraft:baked_potato":9,"minecraft:melon_seeds":1,"minecraft:warped_nylium":1,"minecraft:coal":99,"minecraft:ender_pearl":2},"minecraft:crafted":{"minecraft:oak_planks":84,"travelersbackpack:sleeping_bag":1,"minecraft:cooked_mutton":18,"minecraft:glass":18,"magistuarmory:diamond_heavymace":1,"minecraft:chest":4,"minecraft:cooked_porkchop":8,"minecraft:crafting_table":7,"minecraft:spruce_planks":122,"travelersbackpack:standard":1,"minecraft:wooden_pickaxe":1,"minecraft:baked_potato":24,"minecraft:red_wool":8,"magistuarmory:halfarmor_chestplate":2,"minecraft:spruce_trapdoor":2,"minecraft:diamond_pickaxe":1,"minecraft:yellow_dye":3,"minecraft:shield":2,"minecraft:stick":50,"minecraft:iron_pickaxe":1,"minecraft:shears":3,"magistuarmory:leather_strip":6,"minecraft:stone_shovel":1,"minecraft:leather_boots":1,"magistuarmory:knight_boots":2,"minecraft:furnace":2,"magistuarmory:hilt":1,"simplefarming:fried_calamari":29,"magistuarmory:knight_leggings":2,"minecraft:iron_axe":1,"magistuarmory:steel_ingot":64,"minecraft:stone_pickaxe":4,"minecraft:spruce_boat":2,"magistuarmory:barbute":2,"magistuarmory:steel_plate":46,"minecraft:cooked_beef":11,"paraglider:paraglider":1,"minecraft:red_dye":9,"travelersbackpack:backpack_tank":2,"minecraft:cooked_salmon":2,"magistuarmory:knight_chestplate":2,"minecraft:bucket":2,"minecraft:stone_axe":6,"minecraft:oak_boat":2,"minecraft:wooden_axe":3,"minecraft:white_bed":1,"magistuarmory:armet":3,"minecraft:torch":72},"minecraft:dropped":{"minecraft:cooked_beef":4,"minecraft:baked_potato":6,"minecraft:ender_pearl":2,"minecraft:diamond":1,"minecraft:crafting_table":5,"minecraft:cooked_porkchop":5,"simplefarming:yam_seeds":1,"travelersbackpack:standard":3,"paraglider:spirit_orb":3,"minecraft:cobblestone_stairs":4,"minecraft:spruce_leaves":8,"minecraft:dirt":11,"minecraft:jack_o_lantern":1,"gravestone:obituary":8,"minecraft:iron_pickaxe":1,"minecraft:bone":6,"minecraft:wheat":1,"minecraft:obsidian":7,"minecraft:rotten_flesh":3,"minecraft:fern":14,"minecraft:oak_planks":21,"minecraft:cooked_mutton":1,"minecraft:white_bed":4,"minecraft:poppy":3,"minecraft:charcoal":2,"minecraft:beetroot_seeds":1,"magistuarmory:diamond_heavymace":4,"minecraft:melon_seeds":1,"minecraft:leather_boots":1,"minecraft:arrow":1,"minecraft:iron_ingot":1,"simplefarming:soybean":2,"minecraft:wheat_seeds":4,"minecraft:feather":2,"minecraft:cobblestone":2,"simplefarming:carrot_seeds":1,"minecraft:coal":1,"minecraft:lava_bucket":4,"simplefarming:soybean_seeds":2,"magistuarmory:ceremonialarmet":1,"minecraft:diorite":2,"minecraft:torch":9,"minecraft:pumpkin":1,"minecraft:string":13,"minecraft:lily_pad":24,"minecraft:bucket":7,"minecraft:spruce_sapling":6,"minecraft:shears":2,"minecraft:pumpkin_seeds":12,"minecraft:shield":1,"minecraft:diamond_pickaxe":1,"minecraft:andesite":2,"magistuarmory:ceremonial_chestplate":1,"minecraft:oak_boat":1,"minecraft:spruce_log":1,"minecraft:stone_pickaxe":4},"minecraft:killed_by":{"minecraft:zombie":5,"minecraft:skeleton":1},"minecraft:custom":{"minecraft:interact_with_crafting_table":74,"minecraft:open_barrel":18,"minecraft:bell_ring":2,"minecraft:leave_game":12,"minecraft:time_since_death":33373,"minecraft:sprint_one_cm":719807,"minecraft:damage_blocked_by_shield":630,"minecraft:drop":176,"minecraft:talked_to_villager":12,"minecraft:deaths":9,"minecraft:jump":4662,"minecraft:walk_on_water_one_cm":44792,"minecraft:interact_with_furnace":61,"minecraft:play_one_minute":652504,"minecraft:sleep_in_bed":30,"minecraft:damage_dealt":16329,"minecraft:crouch_one_cm":32349,"minecraft:interact_with_smoker":3,"minecraft:mob_kills":107,"minecraft:climb_one_cm":9946,"minecraft:walk_one_cm":1241465,"minecraft:damage_dealt_absorbed":36,"minecraft:sneak_time":12791,"minecraft:walk_under_water_one_cm":39673,"minecraft:boat_one_cm":1464389,"minecraft:interact_with_blast_furnace":24,"minecraft:interact_with_grindstone":1,"minecraft:time_since_rest":32617,"minecraft:damage_taken":8965,"minecraft:damage_absorbed":177,"minecraft:swim_one_cm":58602,"minecraft:fly_one_cm":500861,"minecraft:open_chest":38,"minecraft:fall_one_cm":96792}},"DataVersion":2586}