{"stats":{"minecraft:custom":{"minecraft:animals_bred":2,"minecraft:interact_with_crafting_table":209,"minecraft:open_barrel":48,"goblintraders:trade_with_goblin":7,"minecraft:bell_ring":3,"minecraft:leave_game":40,"minecraft:time_since_death":133463,"minecraft:sprint_one_cm":1539246,"minecraft:damage_blocked_by_shield":630,"minecraft:drop":497,"minecraft:talked_to_villager":18,"minecraft:deaths":12,"minecraft:jump":10806,"minecraft:walk_on_water_one_cm":94009,"minecraft:enchant_item":3,"minecraft:interact_with_furnace":98,"minecraft:interact_with_loom":1,"minecraft:play_one_minute":1411840,"minecraft:sleep_in_bed":56,"minecraft:damage_dealt":37563,"minecraft:crouch_one_cm":67052,"minecraft:interact_with_smoker":31,"minecraft:interact_with_smithing_table":2,"minecraft:interact_with_anvil":12,"minecraft:mob_kills":324,"minecraft:inspect_hopper":1,"minecraft:climb_one_cm":28295,"minecraft:walk_one_cm":2989874,"minecraft:damage_dealt_absorbed":70,"minecraft:sneak_time":32427,"minecraft:walk_under_water_one_cm":82046,"minecraft:boat_one_cm":2099423,"minecraft:interact_with_blast_furnace":39,"minecraft:tune_noteblock":1,"minecraft:interact_with_grindstone":1,"minecraft:time_since_rest":75336,"minecraft:damage_absorbed":177,"minecraft:damage_taken":18878,"minecraft:swim_one_cm":65800,"minecraft:fly_one_cm":2122973,"minecraft:open_chest":201,"minecraft:fall_one_cm":172910},"minecraft:used":{"minecraft:iron_shovel":106,"simpleplanes:charging_station":1,"minecraft:spruce_slab":2,"minecraft:ladder":24,"minecraft:shield":165,"minecraft:chest":7,"magistuarmory:wood_heatershield":80,"minecraft:rotten_flesh":5,"minecraft:spruce_leaves":478,"minecraft:mutton":10,"minecraft:snowball":33,"minecraft:spruce_boat":6,"minecraft:glass":1,"minecraft:lava_bucket":59,"minecraft:birch_sapling":1,"carryon:tile_item":5,"minecraft:bow":1,"minecraft:hay_block":3,"simplefarming:tomato_seeds":1,"minecraft:sweet_berries":12,"minecraft:furnace":4,"minecraft:acacia_fence":175,"minecraft:egg":1,"minecraft:potato":147,"epicfight:skillbook":11,"minecraft:diorite":10,"minecraft:spruce_door":1,"minecraft:stone_pickaxe":448,"minecraft:oak_planks":6,"minecraft:blackstone":3,"minecraft:wooden_pickaxe":36,"minecraft:sugar_cane":1,"minecraft:diamond_axe":1,"minecraft:blue_bed":2,"minecraft:golden_apple":3,"minecraft:blast_furnace":1,"minecraft:crossbow":17,"simplefarming:raw_calamari":7,"minecraft:shears":700,"epicfight:iron_tachi":7,"minecraft:birch_fence_gate":2,"minecraft:bread":2,"minecraft:gravel":45,"simplefarming:fried_calamari":36,"minecraft:granite_slab":4,"simpleplanes:plane_workbench":2,"simpleplanes:large_plane":18,"minecraft:andesite":92,"minecraft:oak_fence":8,"minecraft:smooth_stone_slab":2,"minecraft:oak_boat":3,"minecraft:grindstone":1,"minecraft:smithing_table":1,"minecraft:enchanting_table":1,"minecraft:flint_and_steel":2,"minecraft:stone_shovel":221,"minecraft:spruce_planks":4,"minecraft:cooked_salmon":6,"minecraft:netherrack":86,"storagedrawers:spruce_half_drawers_4":27,"minecraft:torch":247,"minecraft:dirt":227,"minecraft:anvil":3,"minecraft:cobblestone_wall":9,"magistuarmory:diamond_heavymace":901,"minecraft:granite":37,"minecraft:spruce_fence":1,"minecraft:iron_hoe":11,"minecraft:wooden_axe":67,"minecraft:iron_axe":863,"minecraft:oak_stairs":3,"epicfight:diamond_tachi":77,"minecraft:basalt":8,"minecraft:beef":14,"magistuarmory:heavy_crossbow":43,"minecraft:cooked_beef":54,"minecraft:cooked_mutton":17,"minecraft:water_bucket":224,"minecraft:baked_potato":27,"minecraft:spruce_sign":7,"minecraft:cobblestone_slab":10,"minecraft:gold_ore":4,"simpleplanes:helicopter":1,"minecraft:mossy_cobblestone":3,"minecraft:crafting_table":17,"corail_recycler:recycler":2,"minecraft:white_bed":14,"minecraft:spruce_log":54,"minecraft:diamond_pickaxe":1113,"minecraft:apple":4,"minecraft:chicken":4,"minecraft:iron_pickaxe":250,"minecraft:pig_spawn_egg":4,"minecraft:spruce_trapdoor":51,"minecraft:purple_bed":2,"minecraft:stone_axe":351,"minecraft:cobblestone":845,"travelersbackpack:standard":9,"minecraft:porkchop":6,"minecraft:cooked_porkchop":22,"minecraft:bucket":278,"minecraft:purple_carpet":5},"minecraft:dropped":{"minecraft:gold_ore":4,"minecraft:spruce_sign":2,"minecraft:iron_sword":1,"minecraft:soul_sand":5,"minecraft:piston":4,"minecraft:birch_planks":39,"minecraft:lapis_lazuli":56,"minecraft:cooked_beef":8,"minecraft:baked_potato":6,"minecraft:ender_pearl":2,"minecraft:diamond":1,"minecraft:crafting_table":6,"minecraft:cooked_porkchop":53,"simplefarming:radish_seeds":1,"minecraft:warped_roots":1,"minecraft:leather":8,"travelersbackpack:standard":4,"simplefarming:yam_seeds":1,"simplefarming:cooked_horse_meat":9,"minecraft:gold_block":4,"paraglider:spirit_orb":3,"minecraft:cobblestone_stairs":4,"minecraft:emerald":1,"minecraft:flint":2,"minecraft:spruce_leaves":8,"minecraft:dirt":21,"minecraft:gray_concrete":2,"minecraft:jack_o_lantern":1,"gravestone:obituary":10,"minecraft:gold_nugget":3,"minecraft:sand":4,"epicfight:iron_tachi":1,"minecraft:iron_pickaxe":4,"simplefarming:spinach_seeds":3,"minecraft:birch_log":12,"simplefarming:lettuce_seeds":1,"magistuarmory:steel_plate":1,"minecraft:white_wool":32,"minecraft:bone":40,"minecraft:gold_ingot":16,"minecraft:oak_door":3,"minecraft:gravel":10,"corail_recycler:recycling_book":1,"minecraft:iron_nugget":24,"minecraft:wheat":1,"minecraft:obsidian":12,"minecraft:rotten_flesh":16,"minecraft:fern":14,"minecraft:oak_planks":44,"minecraft:cooked_mutton":1,"simplefarming:pepper_seeds":2,"minecraft:white_bed":4,"minecraft:poppy":3,"minecraft:birch_trapdoor":14,"minecraft:charcoal":4,"magistuarmory:diamond_heavymace":8,"minecraft:beetroot_seeds":2,"minecraft:melon_seeds":1,"minecraft:hopper":2,"minecraft:leather_boots":1,"simplefarming:strawberries":3,"minecraft:ladder":2,"minecraft:arrow":1,"minecraft:crying_obsidian":6,"minecraft:quartz":5,"minecraft:acacia_fence":2,"minecraft:netherrack":131,"minecraft:egg":1,"minecraft:water_bucket":1,"minecraft:enchanted_book":1,"minecraft:golden_boots":1,"minecraft:iron_ingot":21,"minecraft:stripped_spruce_log":9,"magistuarmory:wood_heatershield":1,"simplefarming:soybean":2,"minecraft:wheat_seeds":18,"minecraft:lead":2,"minecraft:feather":2,"minecraft:cobblestone":6,"minecraft:book":18,"simplefarming:carrot_seeds":1,"minecraft:observer":4,"minecraft:granite":15,"minecraft:coal":1,"minecraft:stick":10,"epicfight:iron_longsword":1,"simpleplanes:large_plane":2,"minecraft:oxeye_daisy":4,"minecraft:lava_bucket":4,"simplefarming:soybean_seeds":5,"magistuarmory:ceremonialarmet":2,"minecraft:diorite":3,"minecraft:ink_sac":2,"minecraft:torch":10,"minecraft:fire_charge":2,"minecraft:oak_stairs":1,"minecraft:pumpkin":3,"minecraft:iron_axe":1,"minecraft:smooth_stone":10,"minecraft:string":40,"minecraft:tripwire_hook":2,"minecraft:lily_pad":25,"minecraft:bucket":11,"minecraft:spruce_sapling":6,"minecraft:dandelion":1,"minecraft:redstone":23,"simplefarming:tomato_seeds":1,"minecraft:warped_nylium":1,"magistuarmory:knight_leggings":1,"minecraft:stone_shovel":1,"epicfight:diamond_tachi":3,"minecraft:wither_skeleton_skull":1,"simplefarming:mango":2,"magistuarmory:hilt":1,"minecraft:shears":2,"minecraft:pumpkin_seeds":12,"simplefarming:kenaf_seeds":1,"minecraft:flint_and_steel":1,"minecraft:cobblestone_slab":3,"minecraft:potato":1,"minecraft:shield":2,"minecraft:spruce_planks":35,"minecraft:diamond_pickaxe":5,"minecraft:andesite":2,"magistuarmory:ceremonial_chestplate":2,"minecraft:golden_leggings":2,"minecraft:oak_boat":1,"storagedrawers:spruce_half_drawers_4":1,"minecraft:birch_sign":3,"minecraft:spruce_log":1,"minecraft:bow":2,"minecraft:stone_pickaxe":5,"epicfight:skillbook":3},"minecraft:crafted":{"minecraft:oak_planks":1132,"minecraft:smooth_stone":13,"minecraft:cobblestone_slab":12,"minecraft:cooked_chicken":45,"travelersbackpack:sleeping_bag":1,"minecraft:stone":3,"minecraft:cooked_mutton":65,"simpleplanes:healing":2,"minecraft:glass":18,"minecraft:hopper":2,"magistuarmory:diamond_heavymace":1,"simpleplanes:large_plane":2,"minecraft:birch_fence_gate":2,"simplefarming:cooked_horse_meat":9,"minecraft:chest":42,"magistuarmory:pole":1,"minecraft:golden_boots":1,"minecraft:arrow":48,"minecraft:emerald":2,"minecraft:cooked_porkchop":56,"minecraft:diamond_axe":1,"minecraft:crafting_table":10,"minecraft:spruce_planks":678,"minecraft:wooden_pickaxe":1,"travelersbackpack:standard":1,"minecraft:baked_potato":24,"minecraft:smithing_table":1,"minecraft:red_wool":8,"storagedrawers:spruce_half_drawers_4":32,"magistuarmory:wood_roundshield":1,"epicfight:iron_longsword":1,"minecraft:birch_planks":132,"magistuarmory:halfarmor_chestplate":2,"minecraft:spruce_trapdoor":50,"minecraft:charcoal":10,"minecraft:golden_leggings":1,"minecraft:diamond_pickaxe":1,"minecraft:yellow_dye":3,"minecraft:shield":2,"minecraft:light_weighted_pressure_plate":6,"minecraft:stick":158,"minecraft:iron_ingot":385,"minecraft:iron_pickaxe":4,"minecraft:iron_block":3,"minecraft:gold_ingot":66,"epicfight:diamond_tachi":1,"minecraft:shears":3,"magistuarmory:leather_strip":12,"minecraft:oak_door":3,"simpleplanes:helicopter":1,"minecraft:stone_shovel":1,"minecraft:tripwire_hook":2,"minecraft:leather_boots":1,"simpleplanes:booster":2,"simpleplanes:plane_workbench":1,"magistuarmory:knight_boots":2,"magistuarmory:wood_heatershield":1,"minecraft:furnace":5,"minecraft:blast_furnace":2,"minecraft:piston":4,"minecraft:flint_and_steel":7,"magistuarmory:hilt":3,"simplefarming:fried_calamari":29,"simpleplanes:electric_engine":1,"magistuarmory:knight_leggings":3,"minecraft:iron_axe":4,"minecraft:spruce_slab":90,"minecraft:ladder":24,"magistuarmory:steel_ingot":100,"minecraft:iron_hoe":1,"minecraft:stone_pickaxe":4,"minecraft:spruce_boat":2,"simpleplanes:propeller":25,"magistuarmory:barbute":2,"minecraft:redstone_block":2,"magistuarmory:steel_plate":54,"minecraft:birch_sign":3,"minecraft:observer":2,"minecraft:wheat":9,"minecraft:cooked_beef":71,"paraglider:paraglider":1,"minecraft:red_dye":9,"minecraft:diamond_sword":1,"minecraft:enchanting_table":1,"travelersbackpack:backpack_tank":2,"simpleplanes:furnace_engine":2,"minecraft:iron_sword":2,"minecraft:cooked_salmon":6,"magistuarmory:knight_chestplate":2,"minecraft:bucket":6,"minecraft:stone_axe":6,"epicfight:iron_tachi":1,"minecraft:oak_boat":2,"minecraft:golden_apple":1,"minecraft:wooden_axe":3,"minecraft:oak_stairs":4,"minecraft:birch_trapdoor":14,"minecraft:iron_shovel":1,"minecraft:anvil":1,"minecraft:white_bed":10,"simpleplanes:wrench":1,"magistuarmory:armet":3,"magistuarmory:heavy_crossbow":1,"minecraft:torch":96,"minecraft:granite_slab":6},"minecraft:broken":{"magistuarmory:knight_boots":1,"minecraft:golden_boots":1,"minecraft:shears":3,"minecraft:golden_leggings":1,"minecraft:stone_pickaxe":2,"minecraft:stone_axe":2,"minecraft:wooden_axe":2,"magistuarmory:armet":1,"minecraft:stone_shovel":1,"minecraft:iron_axe":1,"minecraft:iron_pickaxe":1},"minecraft:mined":{"minecraft:spruce_planks":8,"minecraft:white_bed":6,"minecraft:farmland":2,"minecraft:cobblestone_stairs":8,"minecraft:brewing_stand":1,"minecraft:obsidian":19,"minecraft:spruce_trapdoor":3,"minecraft:granite":55,"minecraft:chiseled_polished_blackstone":3,"minecraft:grass_block":75,"minecraft:cracked_polished_blackstone_bricks":7,"minecraft:oxeye_daisy":1,"minecraft:spawner":1,"minecraft:nether_wart":5,"minecraft:polished_blackstone_bricks":21,"minecraft:magma_block":6,"minecraft:iron_ore":24,"minecraft:fire":108,"minecraft:pumpkin":3,"minecraft:anvil":2,"minecraft:granite_slab":2,"minecraft:oak_stairs":2,"minecraft:purple_carpet":5,"minecraft:spruce_slab":2,"minecraft:tripwire":2,"minecraft:blackstone":1,"minecraft:chiseled_quartz_block":4,"minecraft:torch":26,"minecraft:blast_furnace":2,"minecraft:poppy":6,"minecraft:chest":1,"simpleplanes:charging_station":1,"minecraft:white_stained_glass_pane":1,"minecraft:spruce_wall_sign":5,"minecraft:cobblestone":320,"minecraft:grindstone":1,"minecraft:oak_planks":21,"minecraft:wall_torch":22,"minecraft:warped_nylium":7,"minecraft:birch_log":45,"minecraft:wheat":1,"simplefarming:soybean_crop":2,"simplefarming:tomato_crop":1,"minecraft:smooth_stone_slab":1,"minecraft:grass":169,"minecraft:oak_log":284,"minecraft:acacia_fence":154,"minecraft:dirt":230,"minecraft:sand":18,"minecraft:smooth_quartz":4,"simplefarming:orange_leaves":1,"minecraft:tripwire_hook":2,"minecraft:dispenser":9,"minecraft:netherrack":201,"minecraft:oak_leaves":112,"minecraft:light_blue_stained_glass_pane":5,"simpleplanes:plane_workbench":1,"minecraft:mossy_cobblestone":6,"minecraft:jack_o_lantern":1,"gravestone:gravestone":9,"minecraft:birch_fence_gate":2,"minecraft:ladder":5,"minecraft:spruce_fence":1,"minecraft:redstone_wire":3,"minecraft:spruce_leaves":779,"minecraft:hay_block":15,"minecraft:large_fern":12,"minecraft:spruce_sapling":1,"minecraft:furnace":1,"minecraft:snow":33,"minecraft:andesite":100,"minecraft:stripped_spruce_log":10,"simplefarming:mango_leaves":2,"minecraft:gold_block":17,"minecraft:bell":1,"minecraft:bookshelf":6,"minecraft:potatoes":30,"minecraft:cobblestone_slab":1,"minecraft:rail":1,"minecraft:lantern":1,"minecraft:packed_ice":5,"minecraft:stone":649,"minecraft:gray_concrete":2,"minecraft:glass_pane":6,"minecraft:basalt":13,"minecraft:dandelion":6,"minecraft:oak_fence":4,"corail_recycler:recycler":2,"minecraft:crafting_table":11,"minecraft:campfire":1,"minecraft:tall_grass":21,"minecraft:lapis_ore":4,"minecraft:diorite":89,"minecraft:blue_bed":2,"minecraft:spruce_stairs":2,"minecraft:purple_bed":2,"minecraft:cobblestone_wall":9,"minecraft:sweet_berry_bush":5,"minecraft:birch_leaves":57,"minecraft:white_carpet":1,"minecraft:spruce_log":235,"minecraft:grass_path":33,"minecraft:coal_ore":106,"minecraft:gravel":29,"minecraft:cracked_stone_bricks":1,"minecraft:stone_bricks":2,"minecraft:gold_ore":4,"minecraft:chipped_anvil":1,"minecraft:fern":4},"minecraft:picked_up":{"minecraft:wheat":1,"minecraft:anvil":2,"minecraft:lead":23,"minecraft:enchanted_book":2,"minecraft:nether_brick":3,"minecraft:brewing_stand":1,"minecraft:string":78,"minecraft:smooth_stone_slab":2,"minecraft:gold_nugget":4,"minecraft:smooth_stone":3,"minecraft:spruce_planks":42,"minecraft:rose_bush":2,"minecraft:cobblestone_slab":4,"minecraft:iron_pickaxe":4,"simplefarming:spinach_seeds":3,"minecraft:furnace":1,"minecraft:stick":26,"minecraft:acacia_fence":155,"minecraft:oak_fence":7,"minecraft:torch":98,"minecraft:spruce_stairs":2,"epicfight:skillbook":3,"minecraft:porkchop":54,"minecraft:diorite":92,"simplefarming:carrot_seeds":1,"minecraft:golden_chestplate":1,"minecraft:rotten_flesh":35,"simplefarming:pepper_seeds":2,"minecraft:blaze_rod":12,"minecraft:obsidian":24,"minecraft:snowball":33,"minecraft:cobblestone":1047,"simpleplanes:electric_engine":1,"minecraft:birch_log":45,"minecraft:magma_block":7,"minecraft:feather":47,"minecraft:cooked_beef":33,"minecraft:magma_cream":2,"minecraft:water_bucket":2,"minecraft:andesite":110,"minecraft:potato":100,"paraglider:spirit_orb":7,"minecraft:flint":33,"minecraft:wither_skeleton_skull":1,"minecraft:gray_concrete":2,"minecraft:lapis_lazuli":91,"minecraft:dirt":347,"minecraft:leather_boots":1,"minecraft:purple_carpet":5,"simplefarming:cucumber_seeds":2,"minecraft:bone":52,"minecraft:chipped_anvil":1,"minecraft:bow":1,"minecraft:wheat_seeds":47,"simpleplanes:plane_workbench":1,"simplefarming:kenaf_seeds":1,"simplefarming:lettuce_seeds":1,"minecraft:bell":1,"minecraft:grindstone":1,"simplefarming:tomato_seeds":2,"minecraft:oak_planks":74,"simplefarming:raw_horse_meat":9,"minecraft:cooked_porkchop":5,"simplefarming:radish_seeds":2,"minecraft:sand":22,"minecraft:stripped_spruce_log":19,"minecraft:grass_block":1,"minecraft:ink_sac":29,"minecraft:spectral_arrow":52,"minecraft:mossy_cobblestone":5,"minecraft:dispenser":10,"minecraft:diamond":7,"minecraft:spruce_boat":6,"minecraft:cracked_polished_blackstone_bricks":6,"minecraft:crossbow":1,"minecraft:granite":56,"simpleplanes:large_plane":19,"minecraft:bone_meal":27,"minecraft:spruce_sign":9,"minecraft:emerald":3,"minecraft:piglin_banner_pattern":1,"minecraft:jack_o_lantern":1,"minecraft:oak_sapling":2,"simplefarming:fried_calamari":7,"minecraft:netherrack":283,"minecraft:charcoal":2,"minecraft:diamond_pickaxe":6,"corail_recycler:recycler":2,"minecraft:spruce_leaves":696,"minecraft:crafting_table":17,"magistuarmory:wood_heatershield":2,"minecraft:nether_wart":4,"minecraft:ladder":8,"minecraft:chicken":49,"simpleplanes:propeller":25,"minecraft:wooden_pickaxe":1,"minecraft:gold_block":16,"magistuarmory:halfarmor_chestplate":1,"gravestone:obituary":5,"minecraft:shield":1,"simplefarming:mango":2,"minecraft:flint_and_steel":1,"minecraft:iron_axe":1,"minecraft:large_fern":1,"minecraft:white_carpet":1,"minecraft:blackstone":15,"simplefarming:oat_seeds":2,"corail_recycler:steel_disk":2,"minecraft:beef":94,"minecraft:oak_boat":3,"magistuarmory:knight_leggings":2,"minecraft:observer":2,"minecraft:iron_nugget":32,"minecraft:poppy":9,"minecraft:spruce_slab":2,"minecraft:sugar_cane":1,"minecraft:chest":1,"minecraft:birch_sapling":2,"minecraft:spruce_trapdoor":3,"minecraft:egg":2,"corail_recycler:recycling_book":1,"simplefarming:yam_seeds":1,"minecraft:spruce_fence":1,"minecraft:fire_charge":5,"minecraft:polished_blackstone_bricks":19,"simplefarming:onion_seeds":1,"minecraft:redstone":5,"simplefarming:raw_calamari":43,"minecraft:arrow":39,"minecraft:beetroot_seeds":2,"minecraft:stone_shovel":1,"magistuarmory:steel_ingot":1,"magistuarmory:steel_plate":2,"minecraft:peony":1,"minecraft:shears":2,"simplefarming:strawberries":3,"minecraft:hay_block":15,"minecraft:gold_ingot":13,"minecraft:mutton":71,"minecraft:rail":11,"minecraft:white_wool":105,"minecraft:oxeye_daisy":4,"simpleplanes:helicopter":1,"minecraft:basalt":10,"simplefarming:soybean_seeds":6,"minecraft:tripwire_hook":2,"minecraft:salmon":6,"minecraft:leather":70,"minecraft:fern":14,"simplefarming:soybean":8,"magistuarmory:armet":1,"minecraft:birch_planks":30,"simpleplanes:charging_station":1,"simplefarming:rye_seeds":1,"minecraft:oak_log":368,"minecraft:lily_pad":25,"minecraft:golden_boots":1,"minecraft:cobblestone_wall":9,"minecraft:gunpowder":5,"minecraft:cobblestone_stairs":8,"minecraft:blue_bed":2,"minecraft:cooked_mutton":47,"minecraft:apple":11,"minecraft:iron_ingot":172,"minecraft:stone_pickaxe":4,"minecraft:iron_ore":31,"minecraft:soul_sand":10,"minecraft:book":80,"minecraft:pumpkin":3,"minecraft:sweet_berries":9,"simpleplanes:wrench":1,"minecraft:quartz":25,"minecraft:dandelion":4,"magistuarmory:knight_chestplate":1,"minecraft:gravel":119,"minecraft:spruce_sapling":11,"minecraft:blast_furnace":2,"simplefarming:squash_seeds":2,"minecraft:white_bed":15,"minecraft:spruce_log":227,"minecraft:gold_ore":14,"minecraft:crying_obsidian":9,"minecraft:spider_eye":1,"minecraft:spruce_door":1,"travelersbackpack:standard":17,"epicfight:diamond_tachi":3,"minecraft:pumpkin_seeds":12,"magistuarmory:diamond_heavymace":8,"minecraft:purple_bed":2,"simplefarming:sweet_potato_seeds":2,"minecraft:stone_axe":1,"minecraft:birch_sign":3,"minecraft:warped_roots":1,"minecraft:baked_potato":9,"minecraft:melon_seeds":1,"minecraft:warped_nylium":3,"minecraft:coal":188,"minecraft:ender_pearl":5},"minecraft:killed":{"minecraft:cave_spider":8,"minecraft:zombified_piglin":4,"minecraft:spider":1,"minecraft:skeleton":33,"minecraft:chicken":49,"minecraft:piglin_brute":3,"minecraft:cat":1,"minecraft:magma_cube":9,"minecraft:piglin":4,"minecraft:pig":30,"minecraft:zombie_villager":1,"minecraft:salmon":6,"minecraft:iron_golem":2,"minecraft:creeper":3,"minecraft:sheep":49,"minecraft:trader_llama":6,"minecraft:zombie":22,"minecraft:ghast":4,"minecraft:blaze":22,"minecraft:cow":47,"minecraft:horse":3,"minecraft:bat":1,"minecraft:wandering_trader":3,"minecraft:squid":16,"minecraft:villager":1,"minecraft:enderman":1},"minecraft:killed_by":{"minecraft:piglin_brute":1,"minecraft:zombie":5,"minecraft:skeleton":1}},"DataVersion":2586}