{"stats":{"minecraft:custom":{"minecraft:animals_bred":2,"minecraft:interact_with_crafting_table":40,"minecraft:open_barrel":4,"goblintraders:trade_with_goblin":49,"minecraft:bell_ring":8,"minecraft:leave_game":11,"minecraft:time_since_death":525297,"minecraft:sprint_one_cm":961557,"minecraft:drop":254,"minecraft:talked_to_villager":11,"minecraft:deaths":2,"minecraft:jump":2293,"minecraft:walk_on_water_one_cm":32676,"minecraft:enchant_item":3,"minecraft:interact_with_furnace":35,"minecraft:traded_with_villager":2,"minecraft:play_one_minute":560883,"minecraft:sleep_in_bed":13,"minecraft:damage_dealt":9547,"minecraft:crouch_one_cm":32236,"minecraft:interact_with_smoker":7,"minecraft:inspect_dispenser":1,"minecraft:interact_with_smithing_table":4,"minecraft:mob_kills":80,"minecraft:interact_with_anvil":9,"minecraft:inspect_hopper":5,"minecraft:climb_one_cm":9607,"minecraft:walk_one_cm":1222320,"minecraft:sneak_time":12433,"minecraft:walk_under_water_one_cm":18992,"minecraft:interact_with_blast_furnace":9,"minecraft:time_since_rest":25131,"minecraft:damage_taken":6319,"minecraft:swim_one_cm":33956,"minecraft:fly_one_cm":351412,"minecraft:open_chest":193,"minecraft:fall_one_cm":47751},"minecraft:used":{"minecraft:iron_shovel":181,"simpleplanes:charging_station":2,"minecraft:chest":8,"magistuarmory:wood_heatershield":16,"minecraft:nether_bricks":2,"minecraft:glass":15,"simplefarming:sorghum_seeds":1,"minecraft:hay_block":2,"minecraft:oak_sapling":2,"minecraft:acacia_fence":33,"minecraft:egg":1,"epicfight:skillbook":13,"minecraft:oak_planks":8,"minecraft:blackstone":44,"epicfight:iron_longsword":1,"minecraft:sugar_cane":32,"minecraft:white_wool":2,"minecraft:sand":7,"minecraft:blast_furnace":1,"minecraft:crossbow":6,"simplefarming:raw_calamari":1,"epicfight:iron_tachi":12,"minecraft:redstone_torch":1,"minecraft:gravel":35,"simpleplanes:large_plane":4,"minecraft:andesite":27,"minecraft:bone_meal":2,"minecraft:enchanting_table":2,"minecraft:redstone":29,"minecraft:spruce_planks":15,"minecraft:cooked_salmon":6,"minecraft:netherrack":20,"minecraft:torch":36,"minecraft:dirt":97,"minecraft:anvil":1,"minecraft:hopper":15,"minecraft:granite":9,"minecraft:bookshelf":30,"minecraft:oak_stairs":5,"minecraft:soul_soil":1,"minecraft:observer":22,"minecraft:golden_axe":28,"minecraft:cooked_mutton":6,"minecraft:water_bucket":19,"minecraft:spruce_sign":3,"minecraft:polished_blackstone_bricks":29,"minecraft:piston":15,"minecraft:diamond_pickaxe":440,"minecraft:cracked_polished_blackstone_bricks":7,"minecraft:iron_pickaxe":147,"minecraft:spruce_sapling":6,"minecraft:stone_axe":98,"minecraft:cobblestone":91,"travelersbackpack:standard":1,"minecraft:purple_bed":1,"minecraft:cooked_porkchop":45,"minecraft:porkchop":1,"minecraft:bucket":19,"magistuarmory:steel_chainmorgenstern":311,"minecraft:smooth_stone":18,"minecraft:splash_potion":1},"minecraft:dropped":{"minecraft:soul_sand":9,"minecraft:birch_planks":29,"minecraft:lapis_lazuli":17,"minecraft:cooked_beef":1,"minecraft:diamond":4,"minecraft:crossbow":1,"simplefarming:radish_seeds":1,"minecraft:warped_roots":1,"paraglider:spirit_orb":1,"minecraft:flint":20,"minecraft:cracked_polished_blackstone_bricks":2,"minecraft:dirt":19,"minecraft:dispenser":1,"gravestone:obituary":7,"minecraft:gold_nugget":15,"minecraft:bone_meal":27,"minecraft:polished_blackstone_bricks":3,"minecraft:iron_pickaxe":1,"minecraft:white_wool":39,"magistuarmory:steel_plate":1,"minecraft:gold_ingot":144,"minecraft:bone":3,"minecraft:gravel":97,"minecraft:sugar_cane":3,"minecraft:nether_brick":18,"minecraft:rotten_flesh":1,"minecraft:oak_planks":27,"simplefarming:pepper_seeds":1,"minecraft:birch_fence_gate":4,"simplefarming:raw_calamari":2,"minecraft:crying_obsidian":3,"minecraft:quartz":18,"minecraft:acacia_fence":1,"minecraft:purple_carpet":3,"minecraft:golden_boots":1,"minecraft:enchanted_book":2,"minecraft:stripped_spruce_log":9,"minecraft:wheat_seeds":3,"minecraft:book":1,"minecraft:observer":1,"minecraft:stick":2,"minecraft:ink_sac":3,"simplefarming:fried_calamari":7,"magistuarmory:steel_ingot":1,"minecraft:fire_charge":2,"minecraft:string":3,"simpleplanes:electric_engine":1,"minecraft:redstone":5,"minecraft:stone_shovel":3,"minecraft:piglin_banner_pattern":1,"minecraft:spruce_planks":4,"minecraft:golden_leggings":1,"epicfight:skillbook":1},"minecraft:crafted":{"minecraft:black_dye":7,"minecraft:oak_planks":108,"magistuarmory:ceremonialarmet":2,"simpleplanes:charging_station":1,"minecraft:bookshelf":20,"minecraft:hopper":4,"minecraft:chest":7,"corail_recycler:diamond_disk":1,"minecraft:golden_boots":1,"minecraft:emerald":2,"minecraft:spruce_planks":4,"minecraft:red_wool":3,"minecraft:hay_block":2,"minecraft:birch_planks":48,"minecraft:charcoal":6,"minecraft:book":20,"minecraft:paper":63,"minecraft:diamond_pickaxe":3,"minecraft:light_weighted_pressure_plate":4,"minecraft:stick":8,"minecraft:iron_ingot":2,"minecraft:gold_ingot":98,"minecraft:redstone_torch":1,"minecraft:stone_shovel":2,"magistuarmory:knight_boots":1,"magistuarmory:wood_heatershield":1,"minecraft:furnace":1,"minecraft:blast_furnace":1,"minecraft:bone_meal":93,"minecraft:diamond":2,"simpleplanes:propeller":1,"magistuarmory:barbute":1,"minecraft:netherite_scrap":2,"magistuarmory:steel_plate":10,"minecraft:observer":1,"minecraft:red_dye":3,"simpleplanes:furnace_engine":1,"minecraft:nether_bricks":1,"minecraft:cooked_salmon":6,"minecraft:air":0,"magistuarmory:ceremonial_boots":1,"minecraft:gold_nugget":9,"minecraft:flint":80,"minecraft:anvil":1,"simpleplanes:wrench":1,"magistuarmory:armet":1},"minecraft:broken":{"magistuarmory:ceremonial_boots":1,"magistuarmory:ceremonialarmet":1,"minecraft:iron_pickaxe":1},"minecraft:mined":{"travelersbackpack:sleeping_bag":1,"minecraft:granite":18,"minecraft:grass_block":60,"minecraft:cracked_polished_blackstone_bricks":21,"minecraft:soul_soil":1,"minecraft:hopper":9,"minecraft:smooth_stone":1,"minecraft:polished_blackstone_bricks":36,"minecraft:iron_ore":17,"minecraft:fire":10,"minecraft:enchanting_table":2,"minecraft:oak_stairs":2,"minecraft:purple_carpet":3,"minecraft:spruce_slab":1,"minecraft:tripwire":2,"minecraft:blackstone":2,"minecraft:torch":10,"minecraft:poppy":3,"simpleplanes:charging_station":2,"minecraft:chest":4,"minecraft:spruce_wall_sign":3,"minecraft:nether_quartz_ore":26,"minecraft:cobblestone":20,"minecraft:sugar_cane":71,"minecraft:oak_planks":23,"minecraft:wall_torch":3,"minecraft:spruce_sign":1,"minecraft:seagrass":1,"minecraft:warped_nylium":1,"minecraft:wheat":28,"minecraft:grass":30,"minecraft:oak_log":27,"minecraft:acacia_fence":32,"minecraft:dirt":67,"minecraft:sand":9,"minecraft:smooth_quartz":1,"minecraft:dispenser":2,"minecraft:netherrack":21,"minecraft:piston":9,"minecraft:oak_leaves":14,"minecraft:nether_gold_ore":12,"minecraft:diamond_ore":14,"minecraft:nether_bricks":4,"minecraft:redstone_wire":13,"minecraft:spruce_leaves":14,"minecraft:large_fern":1,"minecraft:redstone_ore":13,"minecraft:andesite":12,"minecraft:stripped_spruce_log":1,"minecraft:bookshelf":9,"minecraft:stone":193,"minecraft:white_wool":2,"minecraft:basalt":1,"minecraft:observer":18,"minecraft:tall_grass":5,"minecraft:lapis_ore":3,"minecraft:diorite":8,"minecraft:purple_bed":1,"minecraft:redstone_torch":1,"minecraft:spruce_log":1,"minecraft:coal_ore":87,"minecraft:gravel":49,"minecraft:gold_ore":8},"minecraft:picked_up":{"minecraft:wheat":27,"minecraft:lead":1,"minecraft:oak_stairs":5,"minecraft:potion":4,"minecraft:enchanted_book":2,"minecraft:nether_brick":57,"epicfight:iron_longsword":1,"simplefarming:cooked_horse_meat":9,"minecraft:string":67,"minecraft:soul_soil":1,"minecraft:gold_nugget":86,"minecraft:smooth_stone":11,"minecraft:spruce_planks":33,"minecraft:redstone_torch":1,"minecraft:smooth_quartz":5,"minecraft:iron_pickaxe":1,"simplefarming:spinach_seeds":2,"minecraft:iron_boots":3,"minecraft:stick":1,"minecraft:acacia_fence":34,"minecraft:oak_fence":2,"minecraft:torch":27,"minecraft:porkchop":1,"minecraft:diorite":8,"minecraft:rotten_flesh":2,"simplefarming:pepper_seeds":3,"minecraft:blaze_rod":5,"minecraft:obsidian":11,"minecraft:cobblestone":177,"simpleplanes:electric_engine":2,"minecraft:enchanting_table":2,"minecraft:birch_log":12,"minecraft:cooked_beef":1,"minecraft:andesite":12,"minecraft:golden_leggings":2,"minecraft:flint":8,"minecraft:wither_skeleton_skull":1,"minecraft:gray_concrete":2,"minecraft:lapis_lazuli":78,"minecraft:dirt":135,"minecraft:purple_carpet":3,"minecraft:bone":31,"minecraft:wheat_seeds":85,"simplefarming:lettuce_seeds":1,"simplefarming:tomato_seeds":2,"minecraft:oak_planks":46,"minecraft:cooked_porkchop":50,"simplefarming:radish_seeds":2,"minecraft:birch_fence_gate":6,"minecraft:sand":7,"minecraft:stripped_spruce_log":9,"minecraft:ink_sac":10,"minecraft:spectral_arrow":77,"minecraft:dispenser":3,"minecraft:diamond":25,"minecraft:cracked_polished_blackstone_bricks":21,"minecraft:crossbow":1,"minecraft:granite":18,"simpleplanes:large_plane":5,"minecraft:spruce_sign":4,"minecraft:emerald":2,"minecraft:oak_sapling":2,"minecraft:netherrack":20,"minecraft:charcoal":2,"minecraft:splash_potion":3,"minecraft:ladder":1,"minecraft:gold_block":9,"gravestone:obituary":5,"epicfight:iron_tachi":1,"simplefarming:mango":2,"simplefarming:sorghum_seeds":1,"minecraft:blackstone":173,"minecraft:poppy":3,"minecraft:observer":22,"minecraft:iron_nugget":20,"minecraft:spruce_slab":1,"minecraft:sugar_cane":83,"minecraft:chest":4,"minecraft:piston":13,"minecraft:egg":1,"corail_recycler:recycling_book":1,"simpleplanes:booster":1,"minecraft:fire_charge":11,"minecraft:polished_blackstone_bricks":32,"minecraft:redstone":99,"simplefarming:raw_calamari":3,"minecraft:arrow":49,"minecraft:stone_shovel":1,"minecraft:nether_bricks":4,"minecraft:gold_ingot":20,"minecraft:white_wool":34,"minecraft:oxeye_daisy":1,"minecraft:basalt":1,"simplefarming:soybean_seeds":1,"minecraft:salmon":6,"minecraft:leather":40,"minecraft:birch_planks":39,"simpleplanes:charging_station":2,"minecraft:oak_log":27,"minecraft:golden_boots":1,"minecraft:gunpowder":2,"minecraft:iron_ingot":19,"minecraft:iron_ore":17,"minecraft:soul_sand":56,"minecraft:book":45,"simplefarming:rice_seeds":1,"minecraft:quartz":99,"minecraft:gravel":198,"minecraft:spruce_log":3,"minecraft:crying_obsidian":13,"travelersbackpack:standard":2,"minecraft:purple_bed":1,"minecraft:birch_sign":3,"minecraft:warped_roots":1,"minecraft:coal":114,"minecraft:hopper":11,"minecraft:ender_pearl":8},"minecraft:killed":{"minecraft:spider":2,"minecraft:skeleton":19,"minecraft:magma_cube":7,"minecraft:piglin":5,"minecraft:pig":2,"minecraft:salmon":7,"minecraft:creeper":1,"minecraft:zombie":12,"minecraft:blaze":9,"minecraft:squid":3,"minecraft:wither_skeleton":2,"minecraft:enderman":1}},"DataVersion":2586}