{"stats":{"minecraft:dropped":{"minecraft:stripped_spruce_log":9,"minecraft:birch_planks":24,"minecraft:wheat_seeds":2,"simplefarming:radish_seeds":1,"minecraft:crossbow":1,"minecraft:book":1,"minecraft:observer":1,"paraglider:spirit_orb":1,"minecraft:stick":2,"minecraft:flint":20,"minecraft:dirt":19,"minecraft:dispenser":1,"minecraft:ink_sac":3,"simplefarming:fried_calamari":7,"magistuarmory:steel_ingot":1,"gravestone:obituary":6,"minecraft:gold_nugget":2,"minecraft:string":3,"magistuarmory:steel_plate":1,"simpleplanes:electric_engine":1,"minecraft:gold_ingot":24,"minecraft:bone":3,"minecraft:stone_shovel":3,"minecraft:rotten_flesh":1,"simplefarming:pepper_seeds":1,"minecraft:spruce_planks":4,"simplefarming:raw_calamari":2,"epicfight:skillbook":1,"minecraft:purple_carpet":3},"minecraft:broken":{"magistuarmory:ceremonial_boots":1,"magistuarmory:ceremonialarmet":1,"minecraft:iron_pickaxe":1},"minecraft:crafted":{"minecraft:black_dye":7,"minecraft:stone_shovel":2,"magistuarmory:ceremonialarmet":2,"magistuarmory:knight_boots":1,"magistuarmory:wood_heatershield":1,"minecraft:furnace":1,"minecraft:blast_furnace":1,"simpleplanes:charging_station":1,"minecraft:bone_meal":93,"minecraft:bookshelf":5,"minecraft:chest":2,"magistuarmory:barbute":1,"simpleplanes:propeller":1,"magistuarmory:steel_plate":10,"minecraft:red_dye":3,"minecraft:emerald":2,"minecraft:spruce_planks":4,"simpleplanes:furnace_engine":1,"minecraft:nether_bricks":1,"minecraft:cooked_salmon":6,"minecraft:red_wool":3,"minecraft:birch_planks":48,"minecraft:air":0,"magistuarmory:ceremonial_boots":1,"minecraft:paper":6,"minecraft:charcoal":6,"minecraft:gold_nugget":9,"minecraft:light_weighted_pressure_plate":4,"minecraft:flint":80,"minecraft:gold_ingot":36,"simpleplanes:wrench":1,"magistuarmory:armet":1},"minecraft:killed":{"minecraft:spider":1,"minecraft:skeleton":19,"minecraft:piglin":5,"minecraft:pig":2,"minecraft:salmon":7,"minecraft:creeper":1,"minecraft:squid":3,"minecraft:zombie":8,"minecraft:wither_skeleton":2,"minecraft:blaze":9},"minecraft:mined":{"travelersbackpack:sleeping_bag":1,"minecraft:nether_bricks":4,"minecraft:granite":7,"minecraft:grass_block":20,"minecraft:cracked_polished_blackstone_bricks":9,"minecraft:redstone_wire":1,"minecraft:soul_soil":1,"minecraft:spruce_leaves":14,"minecraft:hopper":2,"minecraft:large_fern":1,"minecraft:polished_blackstone_bricks":17,"minecraft:redstone_ore":13,"minecraft:iron_ore":8,"minecraft:fire":10,"minecraft:andesite":7,"minecraft:stripped_spruce_log":1,"minecraft:oak_stairs":2,"minecraft:purple_carpet":3,"minecraft:stone":179,"minecraft:white_wool":2,"minecraft:spruce_slab":1,"minecraft:tripwire":2,"minecraft:blackstone":1,"minecraft:observer":14,"minecraft:torch":10,"minecraft:poppy":3,"simpleplanes:charging_station":2,"minecraft:chest":2,"minecraft:tall_grass":5,"minecraft:cobblestone":20,"minecraft:sugar_cane":18,"minecraft:diorite":8,"minecraft:wall_torch":3,"minecraft:spruce_sign":1,"minecraft:seagrass":1,"minecraft:purple_bed":1,"minecraft:spruce_log":1,"minecraft:grass":30,"minecraft:coal_ore":47,"minecraft:dirt":41,"minecraft:gravel":49,"minecraft:sand":2,"minecraft:smooth_quartz":1,"minecraft:dispenser":2,"minecraft:piston":5,"minecraft:oak_leaves":4},"minecraft:picked_up":{"minecraft:charcoal":2,"minecraft:ladder":1,"minecraft:oak_stairs":5,"minecraft:gold_block":4,"minecraft:enchanted_book":1,"minecraft:nether_brick":7,"gravestone:obituary":4,"simplefarming:sorghum_seeds":1,"minecraft:string":3,"minecraft:soul_soil":1,"minecraft:blackstone":16,"minecraft:gold_nugget":1,"minecraft:spruce_planks":24,"minecraft:observer":16,"minecraft:poppy":3,"minecraft:smooth_quartz":5,"minecraft:spruce_slab":1,"minecraft:sugar_cane":26,"minecraft:chest":2,"minecraft:piston":5,"corail_recycler:recycling_book":1,"minecraft:stick":1,"simpleplanes:booster":1,"minecraft:torch":26,"minecraft:fire_charge":2,"minecraft:porkchop":1,"minecraft:polished_blackstone_bricks":17,"minecraft:diorite":8,"minecraft:redstone":61,"simplefarming:raw_calamari":3,"minecraft:arrow":48,"minecraft:rotten_flesh":2,"minecraft:stone_shovel":1,"simplefarming:pepper_seeds":2,"minecraft:nether_bricks":4,"minecraft:gold_ingot":14,"minecraft:blaze_rod":5,"minecraft:obsidian":1,"minecraft:white_wool":2,"minecraft:cobblestone":174,"simpleplanes:electric_engine":2,"minecraft:birch_log":12,"minecraft:andesite":7,"minecraft:salmon":6,"minecraft:leather":5,"minecraft:golden_leggings":1,"minecraft:birch_planks":23,"simpleplanes:charging_station":2,"minecraft:flint":8,"minecraft:gunpowder":2,"minecraft:wither_skeleton_skull":1,"minecraft:gray_concrete":2,"minecraft:dirt":71,"minecraft:purple_carpet":3,"minecraft:bone":31,"minecraft:wheat_seeds":4,"minecraft:iron_ore":8,"simplefarming:tomato_seeds":1,"minecraft:soul_sand":5,"minecraft:oak_planks":5,"minecraft:book":18,"minecraft:cooked_porkchop":2,"simplefarming:radish_seeds":2,"minecraft:quartz":22,"minecraft:gravel":57,"minecraft:sand":2,"minecraft:stripped_spruce_log":9,"minecraft:ink_sac":10,"minecraft:spruce_log":3,"travelersbackpack:standard":2,"minecraft:dispenser":3,"minecraft:purple_bed":1,"minecraft:cracked_polished_blackstone_bricks":9,"minecraft:crossbow":1,"minecraft:granite":7,"simpleplanes:large_plane":5,"minecraft:spruce_sign":1,"minecraft:emerald":2,"minecraft:coal":48,"minecraft:hopper":4},"minecraft:custom":{"minecraft:interact_with_smithing_table":2,"minecraft:mob_kills":69,"minecraft:interact_with_crafting_table":24,"minecraft:open_barrel":4,"goblintraders:trade_with_goblin":42,"minecraft:bell_ring":8,"minecraft:leave_game":9,"minecraft:time_since_death":294152,"minecraft:climb_one_cm":9503,"minecraft:sprint_one_cm":589829,"minecraft:walk_one_cm":725656,"minecraft:drop":86,"minecraft:talked_to_villager":10,"minecraft:deaths":2,"minecraft:sneak_time":6245,"minecraft:walk_under_water_one_cm":17690,"minecraft:jump":1568,"minecraft:interact_with_blast_furnace":7,"minecraft:walk_on_water_one_cm":27410,"minecraft:interact_with_furnace":32,"minecraft:traded_with_villager":2,"minecraft:play_one_minute":329738,"minecraft:sleep_in_bed":8,"minecraft:time_since_rest":26100,"minecraft:damage_taken":4975,"minecraft:damage_dealt":8873,"minecraft:swim_one_cm":28880,"minecraft:fly_one_cm":208500,"minecraft:open_chest":85,"minecraft:crouch_one_cm":16667,"minecraft:interact_with_smoker":6,"minecraft:inspect_dispenser":1,"minecraft:fall_one_cm":37160},"minecraft:used":{"minecraft:iron_shovel":107,"simpleplanes:charging_station":2,"minecraft:chest":3,"minecraft:spruce_planks":6,"minecraft:cooked_salmon":6,"magistuarmory:wood_heatershield":12,"minecraft:torch":34,"minecraft:dirt":38,"minecraft:hopper":4,"minecraft:nether_bricks":2,"minecraft:bookshelf":5,"minecraft:oak_stairs":5,"simplefarming:sorghum_seeds":1,"minecraft:soul_soil":1,"minecraft:observer":14,"minecraft:cooked_mutton":6,"minecraft:water_bucket":9,"epicfight:skillbook":6,"minecraft:oak_planks":2,"minecraft:blackstone":1,"minecraft:sugar_cane":13,"minecraft:polished_blackstone_bricks":17,"minecraft:white_wool":2,"minecraft:sand":2,"minecraft:blast_furnace":1,"minecraft:crossbow":6,"simplefarming:raw_calamari":1,"minecraft:piston":7,"minecraft:diamond_pickaxe":219,"minecraft:iron_pickaxe":146,"minecraft:spruce_sapling":6,"minecraft:gravel":12,"simpleplanes:large_plane":4,"minecraft:cobblestone":88,"travelersbackpack:standard":1,"minecraft:purple_bed":1,"minecraft:porkchop":1,"minecraft:cooked_porkchop":20,"minecraft:andesite":1,"minecraft:bucket":9,"magistuarmory:steel_chainmorgenstern":292,"minecraft:bone_meal":2}},"DataVersion":2586}