{"stats":{"minecraft:dropped":{"minecraft:stripped_spruce_log":9,"minecraft:wheat_seeds":2,"minecraft:crossbow":1,"minecraft:observer":1,"paraglider:spirit_orb":1,"minecraft:stick":2,"minecraft:flint":1,"minecraft:dirt":19,"minecraft:dispenser":1,"minecraft:ink_sac":3,"simplefarming:fried_calamari":7,"magistuarmory:steel_ingot":1,"gravestone:obituary":6,"minecraft:string":3,"simpleplanes:electric_engine":1,"minecraft:gold_ingot":24,"minecraft:stone_shovel":3,"minecraft:rotten_flesh":1,"simplefarming:raw_calamari":2,"epicfight:skillbook":1,"minecraft:purple_carpet":3},"minecraft:broken":{"magistuarmory:ceremonial_boots":1,"magistuarmory:ceremonialarmet":1,"minecraft:iron_pickaxe":1},"minecraft:crafted":{"minecraft:black_dye":7,"minecraft:stone_shovel":2,"magistuarmory:ceremonialarmet":2,"magistuarmory:knight_boots":1,"magistuarmory:wood_heatershield":1,"minecraft:furnace":1,"minecraft:blast_furnace":1,"simpleplanes:charging_station":1,"magistuarmory:barbute":1,"simpleplanes:propeller":1,"magistuarmory:steel_plate":10,"minecraft:red_dye":3,"minecraft:emerald":2,"minecraft:spruce_planks":4,"simpleplanes:furnace_engine":1,"minecraft:nether_bricks":1,"minecraft:red_wool":3,"minecraft:cooked_salmon":6,"minecraft:air":0,"magistuarmory:ceremonial_boots":1,"minecraft:charcoal":6,"minecraft:gold_nugget":9,"minecraft:light_weighted_pressure_plate":4,"minecraft:flint":76,"minecraft:gold_ingot":36,"simpleplanes:wrench":1,"magistuarmory:armet":1},"minecraft:killed":{"minecraft:spider":1,"minecraft:skeleton":19,"minecraft:piglin":5,"minecraft:pig":2,"minecraft:salmon":7,"minecraft:creeper":1,"minecraft:squid":3,"minecraft:zombie":7,"minecraft:wither_skeleton":2,"minecraft:blaze":9},"minecraft:mined":{"travelersbackpack:sleeping_bag":1,"minecraft:nether_bricks":4,"minecraft:granite":7,"minecraft:grass_block":2,"minecraft:cracked_polished_blackstone_bricks":9,"minecraft:redstone_wire":1,"minecraft:soul_soil":1,"minecraft:spruce_leaves":14,"minecraft:large_fern":1,"minecraft:polished_blackstone_bricks":17,"minecraft:redstone_ore":13,"minecraft:iron_ore":8,"minecraft:fire":10,"minecraft:andesite":7,"minecraft:stripped_spruce_log":1,"minecraft:purple_carpet":3,"minecraft:stone":179,"minecraft:spruce_slab":1,"minecraft:tripwire":2,"minecraft:blackstone":1,"minecraft:observer":2,"minecraft:torch":10,"minecraft:poppy":3,"simpleplanes:charging_station":2,"minecraft:tall_grass":1,"minecraft:cobblestone":20,"minecraft:sugar_cane":4,"minecraft:diorite":8,"minecraft:wall_torch":3,"minecraft:spruce_sign":1,"minecraft:seagrass":1,"minecraft:purple_bed":1,"minecraft:spruce_log":1,"minecraft:grass":7,"minecraft:coal_ore":47,"minecraft:gravel":49,"minecraft:dirt":25,"minecraft:smooth_quartz":1,"minecraft:dispenser":2,"minecraft:oak_leaves":4},"minecraft:picked_up":{"minecraft:charcoal":2,"minecraft:ladder":1,"minecraft:gold_block":4,"minecraft:enchanted_book":1,"minecraft:nether_brick":7,"gravestone:obituary":3,"minecraft:soul_soil":1,"minecraft:string":3,"minecraft:blackstone":16,"minecraft:spruce_planks":10,"minecraft:observer":4,"minecraft:poppy":3,"minecraft:smooth_quartz":5,"minecraft:spruce_slab":1,"minecraft:sugar_cane":6,"corail_recycler:recycling_book":1,"minecraft:stick":1,"simpleplanes:booster":1,"minecraft:torch":26,"minecraft:fire_charge":2,"minecraft:porkchop":1,"minecraft:polished_blackstone_bricks":17,"minecraft:diorite":8,"minecraft:redstone":61,"simplefarming:raw_calamari":3,"minecraft:arrow":48,"minecraft:rotten_flesh":2,"minecraft:stone_shovel":1,"minecraft:nether_bricks":4,"minecraft:gold_ingot":14,"minecraft:blaze_rod":5,"minecraft:obsidian":1,"minecraft:cobblestone":174,"simpleplanes:electric_engine":2,"minecraft:andesite":7,"minecraft:salmon":6,"minecraft:leather":5,"minecraft:golden_leggings":1,"simpleplanes:charging_station":2,"minecraft:flint":8,"minecraft:wither_skeleton_skull":1,"minecraft:gray_concrete":2,"minecraft:dirt":37,"minecraft:purple_carpet":3,"minecraft:bone":28,"minecraft:wheat_seeds":4,"minecraft:iron_ore":8,"simplefarming:tomato_seeds":1,"minecraft:soul_sand":5,"minecraft:oak_planks":3,"minecraft:book":18,"minecraft:cooked_porkchop":2,"minecraft:quartz":22,"minecraft:gravel":57,"minecraft:stripped_spruce_log":9,"minecraft:ink_sac":10,"minecraft:spruce_log":3,"travelersbackpack:standard":2,"minecraft:dispenser":3,"minecraft:purple_bed":1,"minecraft:cracked_polished_blackstone_bricks":9,"minecraft:crossbow":1,"minecraft:granite":7,"simpleplanes:large_plane":5,"minecraft:spruce_sign":1,"minecraft:emerald":2,"minecraft:coal":48},"minecraft:custom":{"minecraft:interact_with_smithing_table":2,"minecraft:mob_kills":68,"minecraft:interact_with_crafting_table":19,"minecraft:open_barrel":4,"goblintraders:trade_with_goblin":40,"minecraft:bell_ring":8,"minecraft:leave_game":8,"minecraft:time_since_death":230697,"minecraft:climb_one_cm":9471,"minecraft:sprint_one_cm":453051,"minecraft:walk_one_cm":598207,"minecraft:drop":73,"minecraft:talked_to_villager":9,"minecraft:deaths":2,"minecraft:sneak_time":5340,"minecraft:walk_under_water_one_cm":14376,"minecraft:jump":1106,"minecraft:interact_with_blast_furnace":6,"minecraft:walk_on_water_one_cm":14427,"minecraft:interact_with_furnace":31,"minecraft:traded_with_villager":2,"minecraft:play_one_minute":266283,"minecraft:sleep_in_bed":6,"minecraft:time_since_rest":1965,"minecraft:damage_taken":4521,"minecraft:damage_dealt":8743,"minecraft:swim_one_cm":13992,"minecraft:fly_one_cm":126329,"minecraft:open_chest":69,"minecraft:crouch_one_cm":15606,"minecraft:interact_with_smoker":6,"minecraft:fall_one_cm":25936,"minecraft:inspect_dispenser":1},"minecraft:used":{"minecraft:iron_shovel":67,"simpleplanes:charging_station":2,"minecraft:spruce_planks":6,"magistuarmory:wood_heatershield":11,"minecraft:cooked_salmon":5,"minecraft:torch":34,"minecraft:dirt":4,"minecraft:nether_bricks":2,"minecraft:soul_soil":1,"minecraft:cooked_mutton":6,"epicfight:skillbook":6,"minecraft:blackstone":1,"minecraft:polished_blackstone_bricks":17,"minecraft:blast_furnace":1,"minecraft:crossbow":6,"simplefarming:raw_calamari":1,"minecraft:diamond_pickaxe":200,"minecraft:iron_pickaxe":146,"minecraft:spruce_sapling":6,"minecraft:gravel":12,"simpleplanes:large_plane":4,"minecraft:cobblestone":88,"minecraft:purple_bed":1,"travelersbackpack:standard":1,"minecraft:porkchop":1,"minecraft:cooked_porkchop":16,"minecraft:andesite":1,"magistuarmory:steel_chainmorgenstern":291}},"DataVersion":2586}