{"stats":{"minecraft:dropped":{"minecraft:golden_boots":1,"minecraft:enchanted_book":1,"minecraft:stripped_spruce_log":9,"minecraft:soul_sand":9,"minecraft:birch_planks":29,"minecraft:wheat_seeds":3,"minecraft:cooked_beef":1,"minecraft:diamond":4,"minecraft:crossbow":1,"simplefarming:radish_seeds":1,"minecraft:book":1,"minecraft:warped_roots":1,"minecraft:observer":1,"paraglider:spirit_orb":1,"minecraft:stick":2,"minecraft:flint":20,"minecraft:cracked_polished_blackstone_bricks":2,"minecraft:dirt":19,"minecraft:ink_sac":3,"minecraft:dispenser":1,"simplefarming:fried_calamari":7,"magistuarmory:steel_ingot":1,"minecraft:fire_charge":2,"gravestone:obituary":6,"minecraft:gold_nugget":15,"minecraft:polished_blackstone_bricks":2,"minecraft:bone_meal":27,"minecraft:iron_pickaxe":1,"minecraft:white_wool":39,"minecraft:string":3,"magistuarmory:steel_plate":1,"simpleplanes:electric_engine":1,"minecraft:redstone":5,"minecraft:gold_ingot":144,"minecraft:bone":3,"minecraft:gravel":97,"minecraft:sugar_cane":3,"minecraft:nether_brick":18,"minecraft:stone_shovel":3,"minecraft:rotten_flesh":1,"minecraft:oak_planks":17,"simplefarming:pepper_seeds":1,"minecraft:birch_fence_gate":4,"minecraft:piglin_banner_pattern":1,"minecraft:spruce_planks":4,"minecraft:golden_leggings":1,"minecraft:crying_obsidian":3,"simplefarming:raw_calamari":2,"minecraft:quartz":18,"minecraft:acacia_fence":1,"epicfight:skillbook":1,"minecraft:purple_carpet":3},"minecraft:broken":{"magistuarmory:ceremonial_boots":1,"magistuarmory:ceremonialarmet":1,"minecraft:iron_pickaxe":1},"minecraft:crafted":{"minecraft:black_dye":7,"minecraft:oak_planks":44,"minecraft:stone_shovel":2,"magistuarmory:ceremonialarmet":2,"magistuarmory:knight_boots":1,"magistuarmory:wood_heatershield":1,"minecraft:furnace":1,"minecraft:blast_furnace":1,"simpleplanes:charging_station":1,"minecraft:bone_meal":93,"minecraft:bookshelf":10,"minecraft:hopper":4,"minecraft:diamond":2,"minecraft:chest":7,"corail_recycler:diamond_disk":1,"magistuarmory:barbute":1,"simpleplanes:propeller":1,"magistuarmory:steel_plate":10,"minecraft:golden_boots":1,"minecraft:observer":1,"minecraft:red_dye":3,"minecraft:emerald":2,"minecraft:spruce_planks":4,"simpleplanes:furnace_engine":1,"minecraft:nether_bricks":1,"minecraft:red_wool":3,"minecraft:cooked_salmon":6,"minecraft:hay_block":2,"minecraft:birch_planks":48,"minecraft:air":0,"magistuarmory:ceremonial_boots":1,"minecraft:diamond_pickaxe":3,"minecraft:paper":48,"minecraft:book":15,"minecraft:charcoal":6,"minecraft:gold_nugget":9,"minecraft:light_weighted_pressure_plate":4,"minecraft:stick":8,"minecraft:iron_ingot":2,"minecraft:flint":80,"minecraft:gold_ingot":98,"minecraft:anvil":1,"simpleplanes:wrench":1,"magistuarmory:armet":1,"minecraft:redstone_torch":1},"minecraft:killed":{"minecraft:spider":1,"minecraft:skeleton":19,"minecraft:magma_cube":7,"minecraft:piglin":5,"minecraft:pig":2,"minecraft:salmon":7,"minecraft:squid":3,"minecraft:creeper":1,"minecraft:zombie":8,"minecraft:wither_skeleton":2,"minecraft:enderman":1,"minecraft:blaze":9},"minecraft:mined":{"minecraft:nether_gold_ore":12,"travelersbackpack:sleeping_bag":1,"minecraft:diamond_ore":8,"minecraft:nether_bricks":4,"minecraft:granite":7,"minecraft:grass_block":60,"minecraft:cracked_polished_blackstone_bricks":21,"minecraft:redstone_wire":13,"minecraft:soul_soil":1,"minecraft:spruce_leaves":14,"minecraft:hopper":9,"minecraft:smooth_stone":1,"minecraft:large_fern":1,"minecraft:polished_blackstone_bricks":36,"minecraft:redstone_ore":13,"minecraft:iron_ore":8,"minecraft:fire":10,"minecraft:andesite":12,"minecraft:stripped_spruce_log":1,"minecraft:enchanting_table":2,"minecraft:bookshelf":6,"minecraft:oak_stairs":2,"minecraft:purple_carpet":3,"minecraft:stone":179,"minecraft:white_wool":2,"minecraft:spruce_slab":1,"minecraft:tripwire":2,"minecraft:blackstone":2,"minecraft:basalt":1,"minecraft:observer":18,"minecraft:torch":10,"minecraft:poppy":3,"minecraft:chest":4,"simpleplanes:charging_station":2,"minecraft:nether_quartz_ore":26,"minecraft:spruce_wall_sign":3,"minecraft:tall_grass":5,"minecraft:cobblestone":20,"minecraft:oak_planks":21,"minecraft:sugar_cane":63,"minecraft:diorite":8,"minecraft:spruce_sign":1,"minecraft:wall_torch":3,"minecraft:seagrass":1,"minecraft:purple_bed":1,"minecraft:warped_nylium":1,"minecraft:wheat":28,"minecraft:redstone_torch":1,"minecraft:spruce_log":1,"minecraft:grass":30,"minecraft:coal_ore":47,"minecraft:oak_log":11,"minecraft:acacia_fence":32,"minecraft:smooth_quartz":1,"minecraft:gravel":49,"minecraft:sand":9,"minecraft:dirt":67,"minecraft:dispenser":2,"minecraft:netherrack":21,"minecraft:piston":9,"minecraft:oak_leaves":5},"minecraft:picked_up":{"minecraft:charcoal":2,"minecraft:wheat":27,"minecraft:splash_potion":3,"minecraft:ladder":1,"minecraft:oak_stairs":5,"minecraft:potion":4,"minecraft:gold_block":9,"minecraft:enchanted_book":1,"minecraft:nether_brick":57,"gravestone:obituary":4,"epicfight:iron_longsword":1,"simplefarming:cooked_horse_meat":9,"simplefarming:mango":2,"minecraft:string":67,"minecraft:soul_soil":1,"simplefarming:sorghum_seeds":1,"minecraft:blackstone":173,"minecraft:gold_nugget":86,"minecraft:smooth_stone":11,"minecraft:spruce_planks":33,"minecraft:iron_nugget":20,"minecraft:redstone_torch":1,"minecraft:smooth_quartz":5,"minecraft:observer":22,"minecraft:poppy":3,"minecraft:iron_pickaxe":1,"minecraft:spruce_slab":1,"minecraft:sugar_cane":75,"minecraft:chest":4,"minecraft:iron_boots":3,"minecraft:piston":13,"simplefarming:spinach_seeds":2,"minecraft:egg":1,"corail_recycler:recycling_book":1,"minecraft:stick":1,"simpleplanes:booster":1,"minecraft:acacia_fence":32,"minecraft:torch":27,"minecraft:fire_charge":11,"minecraft:porkchop":1,"minecraft:polished_blackstone_bricks":32,"minecraft:diorite":8,"minecraft:redstone":99,"simplefarming:raw_calamari":3,"minecraft:arrow":48,"minecraft:stone_shovel":1,"minecraft:rotten_flesh":2,"simplefarming:pepper_seeds":3,"minecraft:nether_bricks":4,"minecraft:gold_ingot":20,"minecraft:blaze_rod":5,"minecraft:obsidian":11,"minecraft:white_wool":34,"minecraft:cobblestone":177,"minecraft:oxeye_daisy":1,"simpleplanes:electric_engine":2,"minecraft:birch_log":12,"minecraft:enchanting_table":2,"minecraft:basalt":1,"minecraft:cooked_beef":1,"simplefarming:soybean_seeds":1,"minecraft:andesite":12,"minecraft:salmon":6,"minecraft:leather":40,"minecraft:golden_leggings":2,"minecraft:birch_planks":39,"simpleplanes:charging_station":2,"minecraft:flint":8,"minecraft:oak_log":11,"minecraft:golden_boots":1,"minecraft:gunpowder":2,"minecraft:wither_skeleton_skull":1,"minecraft:gray_concrete":2,"minecraft:lapis_lazuli":40,"minecraft:dirt":135,"minecraft:purple_carpet":3,"minecraft:bone":31,"minecraft:wheat_seeds":85,"simplefarming:lettuce_seeds":1,"minecraft:iron_ingot":19,"minecraft:iron_ore":8,"simplefarming:tomato_seeds":2,"minecraft:oak_planks":44,"minecraft:soul_sand":56,"minecraft:book":36,"simplefarming:rice_seeds":1,"minecraft:cooked_porkchop":50,"simplefarming:radish_seeds":2,"minecraft:quartz":99,"minecraft:gravel":198,"minecraft:birch_fence_gate":6,"minecraft:sand":7,"minecraft:stripped_spruce_log":9,"minecraft:ink_sac":10,"minecraft:spruce_log":3,"minecraft:crying_obsidian":13,"minecraft:spectral_arrow":77,"travelersbackpack:standard":2,"minecraft:dispenser":3,"minecraft:purple_bed":1,"minecraft:diamond":15,"minecraft:cracked_polished_blackstone_bricks":21,"minecraft:crossbow":1,"minecraft:granite":7,"simpleplanes:large_plane":5,"minecraft:birch_sign":3,"minecraft:warped_roots":1,"minecraft:spruce_sign":4,"minecraft:emerald":2,"minecraft:netherrack":20,"minecraft:coal":48,"minecraft:hopper":11,"minecraft:ender_pearl":8},"minecraft:custom":{"minecraft:interact_with_smithing_table":2,"minecraft:interact_with_anvil":4,"minecraft:mob_kills":76,"minecraft:animals_bred":1,"minecraft:inspect_hopper":5,"minecraft:interact_with_crafting_table":40,"minecraft:open_barrel":4,"goblintraders:trade_with_goblin":49,"minecraft:bell_ring":8,"minecraft:leave_game":10,"minecraft:time_since_death":486045,"minecraft:climb_one_cm":9607,"minecraft:sprint_one_cm":864073,"minecraft:walk_one_cm":1100610,"minecraft:drop":247,"minecraft:talked_to_villager":11,"minecraft:deaths":2,"minecraft:sneak_time":12259,"minecraft:walk_under_water_one_cm":18992,"minecraft:jump":2153,"minecraft:interact_with_blast_furnace":8,"minecraft:enchant_item":2,"minecraft:walk_on_water_one_cm":32676,"minecraft:interact_with_furnace":34,"minecraft:traded_with_villager":2,"minecraft:play_one_minute":521631,"minecraft:sleep_in_bed":12,"minecraft:time_since_rest":50182,"minecraft:damage_taken":5976,"minecraft:damage_dealt":9206,"minecraft:swim_one_cm":33956,"minecraft:fly_one_cm":335295,"minecraft:open_chest":179,"minecraft:crouch_one_cm":31770,"minecraft:interact_with_smoker":7,"minecraft:inspect_dispenser":1,"minecraft:fall_one_cm":46183},"minecraft:used":{"minecraft:enchanting_table":2,"minecraft:iron_shovel":173,"simpleplanes:charging_station":2,"minecraft:redstone":29,"minecraft:chest":8,"minecraft:spruce_planks":15,"minecraft:cooked_salmon":6,"magistuarmory:wood_heatershield":16,"minecraft:netherrack":20,"minecraft:torch":34,"minecraft:dirt":97,"minecraft:anvil":1,"minecraft:hopper":15,"minecraft:nether_bricks":2,"minecraft:glass":15,"minecraft:bookshelf":25,"minecraft:oak_stairs":5,"simplefarming:sorghum_seeds":1,"minecraft:hay_block":2,"minecraft:soul_soil":1,"minecraft:acacia_fence":31,"minecraft:egg":1,"minecraft:observer":22,"minecraft:cooked_mutton":6,"minecraft:water_bucket":19,"epicfight:skillbook":13,"minecraft:oak_planks":5,"minecraft:blackstone":44,"epicfight:iron_longsword":1,"minecraft:spruce_sign":3,"minecraft:sugar_cane":32,"minecraft:polished_blackstone_bricks":29,"minecraft:white_wool":2,"minecraft:sand":7,"minecraft:blast_furnace":1,"minecraft:crossbow":6,"simplefarming:raw_calamari":1,"minecraft:redstone_torch":1,"minecraft:piston":15,"minecraft:diamond_pickaxe":346,"minecraft:cracked_polished_blackstone_bricks":7,"minecraft:iron_pickaxe":147,"minecraft:spruce_sapling":6,"minecraft:gravel":35,"minecraft:stone_axe":98,"simpleplanes:large_plane":4,"minecraft:purple_bed":1,"travelersbackpack:standard":1,"minecraft:cobblestone":91,"minecraft:splash_potion":1,"minecraft:porkchop":1,"minecraft:cooked_porkchop":40,"minecraft:andesite":27,"minecraft:bucket":19,"magistuarmory:steel_chainmorgenstern":303,"minecraft:bone_meal":2,"minecraft:smooth_stone":18}},"DataVersion":2586}