{"stats":{"minecraft:custom":{"minecraft:animals_bred":2,"minecraft:interact_with_crafting_table":61,"minecraft:open_barrel":15,"goblintraders:trade_with_goblin":70,"minecraft:bell_ring":8,"minecraft:leave_game":20,"minecraft:time_since_death":97756,"minecraft:sprint_one_cm":1287093,"minecraft:drop":283,"minecraft:talked_to_villager":14,"minecraft:deaths":4,"minecraft:jump":2926,"minecraft:interact_with_brewingstand":1,"minecraft:walk_on_water_one_cm":51980,"minecraft:enchant_item":4,"minecraft:interact_with_furnace":40,"minecraft:traded_with_villager":4,"minecraft:play_one_minute":787385,"minecraft:interact_with_loom":1,"minecraft:sleep_in_bed":23,"minecraft:damage_dealt":11209,"minecraft:crouch_one_cm":36291,"minecraft:interact_with_smoker":14,"minecraft:inspect_dispenser":1,"minecraft:interact_with_smithing_table":5,"minecraft:mob_kills":101,"minecraft:interact_with_anvil":10,"minecraft:inspect_hopper":5,"minecraft:climb_one_cm":12858,"minecraft:walk_one_cm":1683380,"minecraft:sneak_time":15270,"minecraft:walk_under_water_one_cm":51408,"minecraft:interact_with_blast_furnace":13,"minecraft:time_since_rest":2964,"minecraft:damage_taken":8456,"minecraft:swim_one_cm":82159,"minecraft:fly_one_cm":577558,"minecraft:open_chest":308,"minecraft:fall_one_cm":59254},"minecraft:crafted":{"minecraft:black_dye":7,"minecraft:oak_planks":108,"magistuarmory:ceremonialarmet":2,"simpleplanes:charging_station":1,"minecraft:bookshelf":20,"minecraft:hopper":4,"magistuarmory:eagle_pattern":1,"minecraft:chest":15,"corail_recycler:diamond_disk":1,"minecraft:dried_kelp_block":7,"minecraft:golden_boots":1,"magistuarmory:steel_nugget":9,"minecraft:emerald":2,"minecraft:diamond_axe":1,"minecraft:spruce_planks":92,"minecraft:red_wool":3,"storagedrawers:spruce_half_drawers_4":8,"minecraft:hay_block":2,"minecraft:birch_planks":48,"minecraft:diamond_pickaxe":3,"minecraft:book":20,"minecraft:paper":63,"minecraft:charcoal":6,"minecraft:light_weighted_pressure_plate":4,"minecraft:stick":148,"minecraft:iron_ingot":49,"magistuarmory:steel_chainmail":1,"minecraft:gold_ingot":98,"minecraft:redstone_torch":1,"magistuarmory:tree_pattern":1,"storagedrawers:upgrade_template":4,"minecraft:oak_door":3,"minecraft:stone_shovel":2,"minecraft:experience_bottle":5,"magistuarmory:knight_boots":1,"magistuarmory:wood_heatershield":1,"minecraft:furnace":1,"minecraft:blast_furnace":1,"minecraft:bone_meal":93,"minecraft:diamond":2,"minecraft:spruce_slab":48,"magistuarmory:barbute":1,"simpleplanes:propeller":1,"minecraft:netherite_scrap":2,"magistuarmory:steel_ring":16,"magistuarmory:steel_plate":10,"minecraft:observer":1,"minecraft:red_dye":3,"minecraft:dried_kelp":87,"simpleplanes:furnace_engine":1,"minecraft:nether_bricks":1,"minecraft:cooked_salmon":6,"magistuarmory:greathelm":1,"minecraft:air":0,"magistuarmory:ceremonial_boots":1,"storagedrawers:iron_storage_upgrade":4,"minecraft:gold_nugget":9,"minecraft:flint":80,"minecraft:anvil":1,"simpleplanes:wrench":1,"magistuarmory:armet":1,"minecraft:torch":12},"minecraft:killed_by":{"minecraft:vindicator":2},"minecraft:broken":{"magistuarmory:ceremonial_boots":1,"magistuarmory:ceremonialarmet":2,"minecraft:iron_pickaxe":1},"minecraft:killed":{"minecraft:cave_spider":2,"minecraft:spider":3,"minecraft:skeleton":21,"minecraft:magma_cube":7,"minecraft:piglin":5,"minecraft:pig":2,"minecraft:salmon":7,"minecraft:creeper":4,"minecraft:pillager":4,"minecraft:zombie":14,"minecraft:blaze":9,"minecraft:vindicator":2,"minecraft:drowned":1,"minecraft:bat":1,"minecraft:squid":3,"minecraft:wither_skeleton":2,"minecraft:enderman":3},"minecraft:mined":{"travelersbackpack:sleeping_bag":1,"minecraft:brewing_stand":1,"minecraft:granite":31,"minecraft:grass_block":60,"minecraft:cracked_polished_blackstone_bricks":21,"minecraft:soul_soil":1,"minecraft:hopper":9,"minecraft:tall_seagrass":2,"minecraft:smooth_stone":1,"minecraft:polished_blackstone_bricks":36,"minecraft:iron_ore":45,"minecraft:fire":10,"minecraft:enchanting_table":2,"minecraft:oak_stairs":2,"minecraft:purple_carpet":3,"minecraft:spruce_slab":1,"minecraft:tripwire":2,"minecraft:blackstone":2,"minecraft:kelp_plant":25,"minecraft:torch":12,"minecraft:poppy":3,"simpleplanes:charging_station":2,"minecraft:chest":4,"minecraft:spruce_wall_sign":3,"minecraft:nether_quartz_ore":26,"minecraft:cobblestone":25,"minecraft:sugar_cane":79,"minecraft:oak_planks":23,"minecraft:wall_torch":3,"minecraft:spruce_sign":1,"minecraft:seagrass":2,"minecraft:warped_nylium":1,"minecraft:wheat":28,"minecraft:smooth_stone_slab":3,"minecraft:grass":33,"minecraft:oak_log":28,"minecraft:acacia_fence":32,"minecraft:dirt":73,"minecraft:sand":9,"minecraft:smooth_quartz":1,"minecraft:dispenser":2,"minecraft:netherrack":21,"minecraft:piston":9,"minecraft:oak_leaves":14,"minecraft:nether_gold_ore":12,"minecraft:diamond_ore":16,"gravestone:gravestone":2,"minecraft:nether_bricks":4,"minecraft:redstone_wire":13,"minecraft:spruce_leaves":29,"minecraft:kelp":6,"minecraft:large_fern":4,"minecraft:redstone_ore":23,"minecraft:andesite":26,"minecraft:stripped_spruce_log":1,"minecraft:bookshelf":9,"minecraft:stone":246,"minecraft:white_wool":2,"minecraft:basalt":1,"minecraft:observer":18,"minecraft:oak_fence":6,"minecraft:cornflower":8,"minecraft:tall_grass":5,"minecraft:lapis_ore":7,"minecraft:diorite":12,"minecraft:purple_bed":1,"minecraft:redstone_torch":1,"minecraft:spruce_log":30,"minecraft:bee_nest":1,"minecraft:coal_ore":202,"minecraft:gravel":50,"minecraft:gold_ore":8},"minecraft:used":{"minecraft:iron_shovel":188,"simpleplanes:charging_station":2,"minecraft:chest":8,"magistuarmory:wood_heatershield":16,"minecraft:nether_bricks":2,"minecraft:glass":15,"minecraft:grass_block":1,"simplefarming:sorghum_seeds":1,"carryon:tile_item":1,"minecraft:hay_block":2,"minecraft:oak_sapling":2,"minecraft:acacia_fence":33,"minecraft:egg":1,"epicfight:skillbook":15,"minecraft:oak_planks":8,"minecraft:blackstone":44,"minecraft:ender_pearl":1,"epicfight:iron_longsword":1,"minecraft:diamond_axe":57,"minecraft:sugar_cane":32,"minecraft:white_wool":2,"minecraft:sand":7,"minecraft:blast_furnace":1,"minecraft:crossbow":11,"simplefarming:raw_calamari":1,"epicfight:iron_tachi":107,"minecraft:redstone_torch":1,"minecraft:gravel":35,"simpleplanes:large_plane":5,"minecraft:andesite":27,"minecraft:smooth_stone_slab":40,"minecraft:bone_meal":6,"minecraft:experience_bottle":5,"minecraft:oak_fence":4,"minecraft:enchanting_table":2,"minecraft:redstone":29,"minecraft:spruce_planks":15,"minecraft:cooked_salmon":6,"minecraft:netherrack":20,"storagedrawers:spruce_half_drawers_4":8,"minecraft:oak_door":2,"minecraft:torch":49,"minecraft:brewing_stand":1,"minecraft:dirt":98,"minecraft:anvil":1,"minecraft:hopper":15,"minecraft:bee_nest":1,"minecraft:granite":16,"minecraft:bookshelf":31,"minecraft:oak_stairs":5,"minecraft:soul_soil":1,"minecraft:observer":22,"minecraft:golden_axe":28,"minecraft:cooked_mutton":6,"minecraft:water_bucket":19,"minecraft:spruce_sign":3,"minecraft:polished_blackstone_bricks":29,"minecraft:spruce_log":1,"minecraft:piston":15,"minecraft:diamond_pickaxe":697,"minecraft:cornflower":7,"minecraft:cracked_polished_blackstone_bricks":7,"minecraft:iron_pickaxe":147,"minecraft:spruce_sapling":12,"minecraft:stone_axe":98,"minecraft:cobblestone":136,"travelersbackpack:standard":1,"minecraft:purple_bed":1,"minecraft:porkchop":1,"minecraft:cooked_porkchop":71,"minecraft:bucket":19,"magistuarmory:steel_chainmorgenstern":313,"minecraft:splash_potion":1,"minecraft:smooth_stone":18},"minecraft:picked_up":{"minecraft:wheat":27,"minecraft:oak_stairs":5,"minecraft:lead":1,"minecraft:potion":4,"minecraft:enchanted_book":2,"minecraft:nether_brick":57,"minecraft:brewing_stand":1,"epicfight:iron_longsword":2,"simplefarming:cooked_horse_meat":9,"minecraft:string":76,"minecraft:soul_soil":1,"minecraft:smooth_stone_slab":3,"minecraft:experience_bottle":5,"minecraft:gold_nugget":86,"minecraft:smooth_stone":11,"minecraft:spruce_planks":33,"minecraft:redstone_torch":1,"minecraft:smooth_quartz":5,"minecraft:iron_pickaxe":1,"simplefarming:spinach_seeds":2,"minecraft:iron_boots":3,"minecraft:stick":1,"minecraft:acacia_fence":34,"minecraft:oak_fence":9,"minecraft:torch":29,"epicfight:skillbook":1,"minecraft:porkchop":1,"minecraft:diorite":12,"minecraft:rotten_flesh":3,"simplefarming:pepper_seeds":3,"minecraft:blaze_rod":5,"minecraft:obsidian":11,"minecraft:cobblestone":249,"simpleplanes:electric_engine":2,"minecraft:enchanting_table":2,"minecraft:birch_log":12,"minecraft:cooked_beef":1,"minecraft:magma_cream":2,"minecraft:andesite":26,"minecraft:golden_leggings":2,"minecraft:flint":9,"minecraft:wither_skeleton_skull":1,"minecraft:gray_concrete":2,"minecraft:lapis_lazuli":109,"minecraft:dirt":142,"minecraft:purple_carpet":3,"minecraft:bone":36,"minecraft:wheat_seeds":85,"simplefarming:lettuce_seeds":1,"simplefarming:tomato_seeds":2,"minecraft:oak_planks":53,"minecraft:cooked_porkchop":51,"simplefarming:radish_seeds":2,"minecraft:birch_fence_gate":6,"minecraft:sand":7,"minecraft:stripped_spruce_log":9,"minecraft:granite_slab":4,"minecraft:ink_sac":10,"minecraft:grass_block":1,"minecraft:spectral_arrow":77,"minecraft:dispenser":3,"minecraft:diamond":35,"minecraft:cracked_polished_blackstone_bricks":21,"minecraft:crossbow":2,"minecraft:granite":30,"simpleplanes:large_plane":8,"minecraft:spruce_sign":4,"minecraft:emerald":2,"minecraft:oak_sapling":2,"minecraft:netherrack":20,"minecraft:charcoal":2,"minecraft:bee_nest":1,"minecraft:splash_potion":3,"minecraft:ladder":1,"minecraft:gold_block":9,"gravestone:obituary":6,"minecraft:shield":1,"epicfight:iron_tachi":1,"minecraft:cornflower":7,"simplefarming:mango":2,"simplefarming:sorghum_seeds":1,"minecraft:iron_shovel":1,"minecraft:blackstone":173,"minecraft:poppy":3,"minecraft:observer":22,"minecraft:iron_nugget":36,"minecraft:spruce_slab":6,"minecraft:sugar_cane":102,"minecraft:chest":4,"minecraft:piston":13,"minecraft:egg":1,"corail_recycler:recycling_book":1,"simpleplanes:booster":1,"minecraft:fire_charge":11,"minecraft:polished_blackstone_bricks":32,"minecraft:redstone":162,"simplefarming:raw_calamari":3,"minecraft:arrow":53,"minecraft:stone_shovel":1,"minecraft:nether_bricks":4,"minecraft:gold_ingot":20,"minecraft:rail":3,"minecraft:white_wool":34,"minecraft:oxeye_daisy":1,"minecraft:basalt":1,"simplefarming:soybean_seeds":1,"minecraft:salmon":6,"minecraft:leather":40,"minecraft:birch_planks":39,"simpleplanes:charging_station":2,"minecraft:oak_log":27,"minecraft:golden_boots":1,"minecraft:gunpowder":2,"minecraft:kelp":207,"minecraft:iron_ingot":19,"storagedrawers:spruce_half_drawers_4":1,"minecraft:iron_ore":42,"minecraft:iron_sword":1,"minecraft:soul_sand":56,"minecraft:book":45,"simplefarming:rice_seeds":1,"minecraft:quartz":99,"minecraft:gravel":198,"minecraft:spruce_sapling":6,"minecraft:spruce_log":27,"minecraft:crying_obsidian":13,"minecraft:spider_eye":2,"travelersbackpack:standard":3,"minecraft:purple_bed":1,"minecraft:birch_sign":3,"minecraft:warped_roots":1,"minecraft:coal":440,"minecraft:hopper":11,"minecraft:ender_pearl":9},"minecraft:dropped":{"minecraft:iron_sword":1,"minecraft:soul_sand":9,"minecraft:birch_planks":29,"minecraft:lapis_lazuli":17,"minecraft:cooked_beef":1,"minecraft:diamond":4,"minecraft:cooked_porkchop":4,"minecraft:crossbow":1,"simplefarming:radish_seeds":1,"minecraft:warped_roots":1,"paraglider:spirit_orb":1,"minecraft:flint":21,"minecraft:cracked_polished_blackstone_bricks":2,"minecraft:dirt":19,"minecraft:dispenser":1,"gravestone:obituary":10,"minecraft:gold_nugget":15,"minecraft:bone_meal":27,"minecraft:polished_blackstone_bricks":3,"minecraft:iron_pickaxe":1,"magistuarmory:steel_plate":1,"minecraft:white_wool":39,"minecraft:gold_ingot":144,"minecraft:bone":3,"minecraft:gravel":97,"minecraft:sugar_cane":5,"minecraft:iron_nugget":32,"minecraft:nether_brick":18,"minecraft:rotten_flesh":2,"minecraft:oak_planks":29,"simplefarming:pepper_seeds":1,"minecraft:birch_fence_gate":4,"minecraft:iron_ore":11,"simplefarming:raw_calamari":2,"minecraft:crying_obsidian":3,"minecraft:quartz":18,"minecraft:acacia_fence":1,"minecraft:purple_carpet":3,"minecraft:golden_boots":1,"minecraft:enchanted_book":2,"minecraft:stripped_spruce_log":9,"minecraft:wheat_seeds":3,"minecraft:book":1,"minecraft:observer":1,"minecraft:stick":2,"epicfight:iron_longsword":2,"simpleplanes:large_plane":2,"minecraft:ink_sac":3,"simplefarming:fried_calamari":7,"magistuarmory:steel_ingot":1,"minecraft:fire_charge":2,"minecraft:granite_slab":4,"minecraft:string":3,"simpleplanes:electric_engine":1,"minecraft:redstone":5,"minecraft:experience_bottle":5,"minecraft:stone_shovel":3,"minecraft:iron_boots":1,"minecraft:piglin_banner_pattern":1,"minecraft:spruce_planks":4,"minecraft:golden_leggings":1,"minecraft:spruce_log":1,"epicfight:skillbook":1}},"DataVersion":2586}