{"stats":{"minecraft:dropped":{"minecraft:stripped_spruce_log":9,"minecraft:wheat_seeds":2,"minecraft:crossbow":1,"minecraft:observer":1,"paraglider:spirit_orb":1,"minecraft:stick":2,"minecraft:flint":1,"minecraft:dirt":5,"minecraft:dispenser":1,"simplefarming:fried_calamari":7,"magistuarmory:steel_ingot":1,"gravestone:obituary":6,"minecraft:string":3,"simpleplanes:electric_engine":1,"minecraft:gold_ingot":24,"minecraft:stone_shovel":3,"minecraft:rotten_flesh":1,"epicfight:skillbook":1,"minecraft:purple_carpet":3},"minecraft:broken":{"magistuarmory:ceremonial_boots":1,"magistuarmory:ceremonialarmet":1,"minecraft:iron_pickaxe":1},"minecraft:crafted":{"minecraft:stone_shovel":2,"magistuarmory:wood_heatershield":1,"minecraft:furnace":1,"minecraft:blast_furnace":1,"simpleplanes:charging_station":1,"simpleplanes:propeller":1,"minecraft:spruce_planks":4,"simpleplanes:furnace_engine":1,"minecraft:nether_bricks":1,"minecraft:air":0,"minecraft:charcoal":1,"minecraft:light_weighted_pressure_plate":4,"minecraft:flint":18,"minecraft:gold_ingot":36,"simpleplanes:wrench":1},"minecraft:killed":{"minecraft:spider":1,"minecraft:skeleton":18,"minecraft:piglin":5,"minecraft:pig":2,"minecraft:creeper":1,"minecraft:zombie":1,"minecraft:wither_skeleton":2,"minecraft:blaze":9},"minecraft:mined":{"travelersbackpack:sleeping_bag":1,"minecraft:nether_bricks":4,"minecraft:granite":7,"minecraft:grass_block":2,"minecraft:cracked_polished_blackstone_bricks":9,"minecraft:redstone_wire":1,"minecraft:soul_soil":1,"minecraft:spruce_leaves":14,"minecraft:large_fern":1,"minecraft:polished_blackstone_bricks":17,"minecraft:redstone_ore":1,"minecraft:iron_ore":6,"minecraft:fire":10,"minecraft:andesite":7,"minecraft:stripped_spruce_log":1,"minecraft:purple_carpet":3,"minecraft:stone":73,"minecraft:spruce_slab":1,"minecraft:tripwire":2,"minecraft:blackstone":1,"minecraft:observer":2,"minecraft:torch":4,"simpleplanes:charging_station":2,"minecraft:tall_grass":1,"minecraft:cobblestone":20,"minecraft:sugar_cane":4,"minecraft:diorite":8,"minecraft:spruce_sign":1,"minecraft:purple_bed":1,"minecraft:spruce_log":1,"minecraft:grass":7,"minecraft:dirt":18,"minecraft:gravel":19,"minecraft:smooth_quartz":1,"minecraft:dispenser":2,"minecraft:oak_leaves":4},"minecraft:picked_up":{"minecraft:charcoal":2,"minecraft:ladder":1,"minecraft:gold_block":4,"minecraft:enchanted_book":1,"minecraft:nether_brick":7,"gravestone:obituary":3,"minecraft:string":3,"minecraft:soul_soil":1,"minecraft:blackstone":16,"minecraft:spruce_planks":10,"minecraft:observer":4,"minecraft:smooth_quartz":5,"minecraft:spruce_slab":1,"minecraft:sugar_cane":6,"corail_recycler:recycling_book":1,"simpleplanes:booster":1,"minecraft:stick":1,"minecraft:torch":8,"minecraft:porkchop":1,"minecraft:fire_charge":2,"minecraft:polished_blackstone_bricks":17,"minecraft:diorite":8,"minecraft:redstone":7,"minecraft:arrow":47,"minecraft:rotten_flesh":2,"minecraft:stone_shovel":1,"minecraft:nether_bricks":4,"minecraft:gold_ingot":14,"minecraft:blaze_rod":5,"minecraft:obsidian":1,"minecraft:cobblestone":86,"simpleplanes:electric_engine":2,"minecraft:andesite":7,"minecraft:leather":5,"minecraft:golden_leggings":1,"simpleplanes:charging_station":2,"minecraft:flint":3,"minecraft:wither_skeleton_skull":1,"minecraft:gray_concrete":2,"minecraft:dirt":23,"minecraft:purple_carpet":3,"minecraft:bone":26,"minecraft:wheat_seeds":4,"minecraft:iron_ore":6,"simplefarming:tomato_seeds":1,"minecraft:soul_sand":5,"minecraft:oak_planks":3,"minecraft:cooked_porkchop":2,"minecraft:quartz":22,"minecraft:gravel":26,"minecraft:stripped_spruce_log":9,"minecraft:spruce_log":3,"travelersbackpack:standard":2,"minecraft:dispenser":3,"minecraft:purple_bed":1,"minecraft:cracked_polished_blackstone_bricks":9,"minecraft:crossbow":1,"minecraft:granite":7,"simpleplanes:large_plane":5,"minecraft:spruce_sign":1,"minecraft:emerald":2,"minecraft:coal":1},"minecraft:custom":{"minecraft:interact_with_smithing_table":2,"minecraft:mob_kills":51,"minecraft:interact_with_crafting_table":7,"minecraft:open_barrel":2,"goblintraders:trade_with_goblin":9,"minecraft:bell_ring":8,"minecraft:leave_game":7,"minecraft:time_since_death":181787,"minecraft:climb_one_cm":9471,"minecraft:sprint_one_cm":370320,"minecraft:walk_one_cm":487618,"minecraft:drop":66,"minecraft:talked_to_villager":9,"minecraft:deaths":2,"minecraft:sneak_time":5097,"minecraft:walk_under_water_one_cm":1572,"minecraft:jump":955,"minecraft:interact_with_blast_furnace":6,"minecraft:walk_on_water_one_cm":8920,"minecraft:interact_with_furnace":30,"minecraft:traded_with_villager":2,"minecraft:play_one_minute":217373,"minecraft:sleep_in_bed":3,"minecraft:time_since_rest":51919,"minecraft:damage_taken":4388,"minecraft:damage_dealt":7336,"minecraft:swim_one_cm":10654,"minecraft:fly_one_cm":99732,"minecraft:open_chest":50,"minecraft:crouch_one_cm":15455,"minecraft:interact_with_smoker":3,"minecraft:fall_one_cm":22938,"minecraft:inspect_dispenser":1},"minecraft:used":{"minecraft:iron_shovel":50,"simpleplanes:charging_station":2,"minecraft:spruce_planks":6,"magistuarmory:wood_heatershield":11,"minecraft:torch":17,"minecraft:dirt":4,"minecraft:nether_bricks":2,"minecraft:soul_soil":1,"minecraft:cooked_mutton":6,"epicfight:skillbook":6,"minecraft:blackstone":1,"minecraft:polished_blackstone_bricks":17,"minecraft:blast_furnace":1,"minecraft:crossbow":6,"minecraft:diamond_pickaxe":24,"minecraft:iron_pickaxe":146,"minecraft:spruce_sapling":6,"minecraft:gravel":12,"simpleplanes:large_plane":4,"minecraft:cobblestone":52,"travelersbackpack:standard":1,"minecraft:purple_bed":1,"minecraft:cooked_porkchop":16,"minecraft:porkchop":1,"minecraft:andesite":1,"magistuarmory:steel_chainmorgenstern":254}},"DataVersion":2586}