{"stats":{"minecraft:custom":{"minecraft:mob_kills":3,"minecraft:interact_with_cartography_table":1,"minecraft:interact_with_crafting_table":17,"minecraft:play_one_minute":102346,"minecraft:bell_ring":9,"minecraft:interact_with_stonecutter":2,"minecraft:leave_game":2,"minecraft:time_since_death":102346,"minecraft:sleep_in_bed":4,"minecraft:time_since_rest":9748,"minecraft:sprint_one_cm":194186,"minecraft:damage_taken":820,"minecraft:walk_one_cm":319107,"minecraft:drop":15,"minecraft:damage_dealt":300,"minecraft:fly_one_cm":77279,"minecraft:open_chest":9,"minecraft:crouch_one_cm":2796,"minecraft:sneak_time":2770,"minecraft:jump":752,"minecraft:walk_on_water_one_cm":150,"minecraft:fall_one_cm":25312},"minecraft:used":{"minecraft:cooked_mutton":3,"minecraft:cobblestone_stairs":52,"minecraft:stone_sword":5,"minecraft:spruce_door":2,"minecraft:stone_pickaxe":352,"minecraft:chest":8,"minecraft:wooden_pickaxe":32,"minecraft:stonecutter":1,"simplefarming:blackberry_bush":1,"minecraft:blue_bed":6,"simplefarming:blueberry_bush":5,"minecraft:torch":3,"minecraft:dirt":41,"minecraft:crafting_table":2,"minecraft:campfire":1,"minecraft:blast_furnace":1,"minecraft:cobblestone_wall":15,"simplefarming:blackberries":3,"minecraft:spruce_log":225,"minecraft:oak_log":25,"minecraft:bread":14,"minecraft:spruce_trapdoor":41,"minecraft:stone_axe":411,"minecraft:cobblestone":96,"minecraft:hay_block":1},"minecraft:dropped":{"minecraft:wheat_seeds":4,"minecraft:oak_log":54,"minecraft:cobblestone":1,"minecraft:fern":1,"minecraft:leather":2,"minecraft:spruce_door":1,"minecraft:stick":1,"minecraft:andesite":1,"simplefarming:pea_pod":5,"minecraft:spruce_sapling":3},"minecraft:crafted":{"minecraft:oak_planks":148,"minecraft:spruce_planks":60,"minecraft:wooden_pickaxe":1,"minecraft:cobblestone_stairs":12,"minecraft:campfire":1,"minecraft:stone_axe":3,"minecraft:spruce_trapdoor":20,"minecraft:stick":16,"minecraft:stone_pickaxe":3,"minecraft:cobblestone_wall":17,"minecraft:stone_sword":1,"minecraft:chest":1},"minecraft:broken":{"minecraft:stone_pickaxe":2,"minecraft:stone_axe":3},"minecraft:mined":{"minecraft:spruce_planks":4,"minecraft:glass_pane":3,"minecraft:mossy_cobblestone":7,"minecraft:cobblestone_stairs":63,"minecraft:spruce_door":1,"minecraft:crafting_table":5,"minecraft:spruce_trapdoor":27,"minecraft:granite":3,"minecraft:blast_furnace":2,"minecraft:grass_block":19,"minecraft:spruce_fence":7,"minecraft:poppy":4,"minecraft:chest":7,"minecraft:campfire":3,"minecraft:cobblestone":103,"minecraft:spruce_leaves":32,"simplefarming:blackberry_bush":2,"minecraft:blue_bed":8,"minecraft:wall_torch":2,"minecraft:hay_block":2,"minecraft:large_fern":13,"minecraft:spruce_stairs":4,"minecraft:cobblestone_wall":14,"minecraft:birch_log":5,"minecraft:iron_ore":6,"minecraft:sweet_berry_bush":2,"minecraft:spruce_log":232,"minecraft:andesite":1,"minecraft:grass_path":4,"minecraft:smooth_stone_slab":11,"minecraft:grass":5,"minecraft:coal_ore":24,"minecraft:oak_log":68,"minecraft:dirt":41,"minecraft:stonecutter":1,"minecraft:stone":143,"minecraft:oak_leaves":45,"simplefarming:blueberry_bush":8,"minecraft:fern":6},"minecraft:picked_up":{"minecraft:birch_log":5,"minecraft:charcoal":6,"minecraft:crafting_table":5,"minecraft:andesite":1,"minecraft:leather":4,"minecraft:oak_log":119,"minecraft:cobblestone_wall":14,"minecraft:cobblestone_stairs":63,"minecraft:blue_bed":7,"minecraft:dirt":56,"minecraft:smooth_stone_slab":13,"minecraft:cooked_mutton":3,"minecraft:stonecutter":1,"minecraft:wheat_seeds":4,"minecraft:iron_ore":6,"minecraft:beef":3,"simplefarming:blueberry_bush":11,"simplefarming:blackberry_bush":2,"minecraft:birch_sapling":3,"minecraft:chest":7,"minecraft:spruce_trapdoor":44,"minecraft:stick":3,"minecraft:sweet_berries":5,"minecraft:torch":6,"minecraft:spruce_stairs":4,"minecraft:spruce_fence":7,"simplefarming:blueberries":14,"minecraft:blast_furnace":2,"minecraft:spruce_sapling":3,"minecraft:spruce_log":229,"simplefarming:blackberries":3,"minecraft:mossy_cobblestone":7,"minecraft:spruce_door":3,"minecraft:hay_block":2,"minecraft:granite":2,"minecraft:oak_sapling":4,"minecraft:coal":24,"minecraft:cobblestone":236},"minecraft:killed":{"minecraft:spider":1,"minecraft:villager":1,"minecraft:cow":1}},"DataVersion":2586}