{"stats":{"minecraft:custom":{"minecraft:interact_with_crafting_table":2,"minecraft:interact_with_cartography_table":1,"minecraft:play_one_minute":30617,"minecraft:bell_ring":9,"minecraft:interact_with_stonecutter":2,"minecraft:leave_game":1,"minecraft:time_since_death":30617,"minecraft:sleep_in_bed":1,"minecraft:time_since_rest":6566,"minecraft:sprint_one_cm":76041,"minecraft:damage_taken":300,"minecraft:walk_one_cm":90916,"minecraft:drop":9,"minecraft:fly_one_cm":29598,"minecraft:open_chest":3,"minecraft:crouch_one_cm":8,"minecraft:sneak_time":226,"minecraft:jump":228,"minecraft:walk_on_water_one_cm":150,"minecraft:fall_one_cm":7999},"minecraft:used":{"minecraft:cooked_mutton":3,"minecraft:cobblestone_stairs":1,"minecraft:stone_pickaxe":65,"minecraft:wooden_pickaxe":28,"minecraft:blue_bed":4,"minecraft:stonecutter":1,"simplefarming:blackberry_bush":1,"simplefarming:blueberry_bush":5,"minecraft:dirt":9,"minecraft:crafting_table":1,"minecraft:cobblestone_wall":7,"simplefarming:blackberries":3,"minecraft:spruce_log":24,"minecraft:bread":2,"minecraft:spruce_trapdoor":1,"minecraft:stone_axe":145,"minecraft:cobblestone":46},"minecraft:dropped":{"minecraft:wheat_seeds":4,"minecraft:cobblestone":1,"minecraft:stick":1,"minecraft:spruce_sapling":3},"minecraft:crafted":{"minecraft:oak_planks":12,"minecraft:wooden_pickaxe":1,"minecraft:stone_axe":1,"minecraft:stick":8,"minecraft:stone_pickaxe":1,"minecraft:cobblestone_wall":17,"minecraft:stone_sword":1},"minecraft:mined":{"minecraft:spruce_planks":4,"minecraft:glass_pane":3,"minecraft:mossy_cobblestone":2,"minecraft:cobblestone_stairs":4,"minecraft:crafting_table":5,"minecraft:spruce_trapdoor":15,"minecraft:granite":1,"minecraft:blast_furnace":2,"minecraft:grass_block":8,"minecraft:poppy":4,"minecraft:chest":2,"minecraft:cobblestone":36,"minecraft:spruce_leaves":6,"simplefarming:blackberry_bush":2,"minecraft:blue_bed":6,"minecraft:wall_torch":2,"minecraft:large_fern":13,"minecraft:spruce_stairs":4,"minecraft:cobblestone_wall":3,"minecraft:birch_log":5,"minecraft:sweet_berry_bush":2,"minecraft:spruce_log":20,"minecraft:andesite":1,"minecraft:grass_path":4,"minecraft:smooth_stone_slab":1,"minecraft:grass":5,"minecraft:oak_log":66,"minecraft:dirt":12,"minecraft:stonecutter":1,"minecraft:stone":36,"minecraft:oak_leaves":45,"simplefarming:blueberry_bush":8,"minecraft:fern":6},"minecraft:picked_up":{"minecraft:birch_log":5,"minecraft:crafting_table":5,"minecraft:andesite":1,"minecraft:oak_log":63,"minecraft:cobblestone_wall":3,"minecraft:cobblestone_stairs":4,"minecraft:dirt":20,"minecraft:blue_bed":5,"minecraft:smooth_stone_slab":1,"minecraft:cooked_mutton":3,"minecraft:stonecutter":1,"minecraft:wheat_seeds":4,"simplefarming:blueberry_bush":8,"simplefarming:blackberry_bush":2,"minecraft:birch_sapling":3,"minecraft:chest":2,"minecraft:spruce_trapdoor":15,"minecraft:stick":3,"minecraft:sweet_berries":5,"minecraft:torch":4,"minecraft:spruce_stairs":4,"simplefarming:blueberries":14,"minecraft:spruce_sapling":3,"minecraft:blast_furnace":2,"minecraft:spruce_log":20,"simplefarming:blackberries":3,"minecraft:mossy_cobblestone":2,"minecraft:oak_sapling":4,"minecraft:cobblestone":72}},"DataVersion":2586}