{"stats":{"minecraft:custom":{"minecraft:interact_with_furnace":1,"minecraft:mob_kills":7,"minecraft:interact_with_cartography_table":1,"minecraft:interact_with_crafting_table":20,"minecraft:play_one_minute":145453,"minecraft:bell_ring":9,"minecraft:interact_with_stonecutter":2,"minecraft:leave_game":3,"minecraft:time_since_death":145453,"minecraft:sleep_in_bed":6,"minecraft:climb_one_cm":2679,"minecraft:time_since_rest":19513,"minecraft:sprint_one_cm":297266,"minecraft:damage_taken":1174,"minecraft:walk_one_cm":426267,"minecraft:drop":162,"minecraft:damage_dealt":1141,"minecraft:fly_one_cm":156248,"minecraft:open_chest":17,"minecraft:crouch_one_cm":3521,"minecraft:sneak_time":3498,"minecraft:jump":1260,"minecraft:interact_with_blast_furnace":5,"minecraft:walk_on_water_one_cm":150,"minecraft:fall_one_cm":34328},"minecraft:used":{"minecraft:cooked_mutton":3,"minecraft:cobblestone_stairs":52,"minecraft:stone_sword":21,"minecraft:spruce_door":2,"minecraft:stone_pickaxe":473,"minecraft:chest":8,"minecraft:wooden_pickaxe":32,"minecraft:stonecutter":1,"simplefarming:blackberry_bush":1,"minecraft:blue_bed":6,"minecraft:cooked_chicken":3,"simplefarming:blueberry_bush":12,"minecraft:torch":24,"minecraft:dirt":42,"minecraft:crafting_table":3,"minecraft:campfire":1,"minecraft:blast_furnace":2,"minecraft:cobblestone_wall":15,"simplefarming:blackberries":3,"minecraft:spruce_fence":26,"minecraft:spruce_log":225,"minecraft:oak_log":25,"minecraft:bread":19,"minecraft:spruce_trapdoor":42,"minecraft:stone_axe":460,"minecraft:cobblestone":148,"minecraft:hay_block":1,"minecraft:furnace":1},"minecraft:dropped":{"minecraft:spruce_sign":7,"minecraft:stone_axe":10,"minecraft:wheat_seeds":4,"minecraft:oak_log":54,"minecraft:stone_sword":9,"minecraft:cobblestone":1,"minecraft:fern":1,"minecraft:leather":2,"minecraft:spruce_door":1,"minecraft:spruce_fence":17,"minecraft:stick":1,"minecraft:dirt":38,"minecraft:torch":19,"minecraft:andesite":1,"minecraft:spruce_log":78,"minecraft:stone_pickaxe":9,"simplefarming:pea_pod":5,"minecraft:spruce_sapling":3},"minecraft:crafted":{"minecraft:oak_planks":148,"minecraft:crafting_table":1,"minecraft:spruce_planks":60,"minecraft:wooden_pickaxe":1,"minecraft:furnace":1,"minecraft:cobblestone_stairs":12,"minecraft:campfire":1,"minecraft:stone_axe":4,"minecraft:air":0,"minecraft:spruce_trapdoor":20,"minecraft:stick":24,"minecraft:iron_ingot":21,"minecraft:stone_pickaxe":4,"minecraft:cobblestone_wall":17,"minecraft:stone_sword":1,"minecraft:chest":1,"minecraft:torch":16},"minecraft:broken":{"minecraft:stone_pickaxe":3,"minecraft:stone_axe":3},"minecraft:mined":{"minecraft:spruce_planks":4,"minecraft:glass_pane":3,"minecraft:mossy_cobblestone":7,"minecraft:cobblestone_stairs":63,"minecraft:torch":1,"minecraft:spruce_door":1,"minecraft:crafting_table":5,"minecraft:spruce_trapdoor":27,"minecraft:granite":3,"minecraft:blast_furnace":3,"minecraft:grass_block":26,"minecraft:spruce_fence":9,"minecraft:poppy":4,"minecraft:chest":7,"minecraft:campfire":3,"minecraft:spruce_wall_sign":1,"minecraft:cobblestone":108,"minecraft:spruce_leaves":34,"simplefarming:blackberry_bush":2,"minecraft:blue_bed":8,"minecraft:wall_torch":8,"minecraft:hay_block":2,"minecraft:large_fern":13,"minecraft:spruce_stairs":4,"minecraft:cobblestone_wall":14,"minecraft:birch_log":5,"minecraft:iron_ore":17,"minecraft:sweet_berry_bush":2,"minecraft:spruce_log":271,"minecraft:andesite":9,"minecraft:grass_path":4,"minecraft:smooth_stone_slab":11,"minecraft:grass":5,"minecraft:coal_ore":24,"minecraft:oak_log":68,"minecraft:dirt":53,"minecraft:stonecutter":1,"minecraft:stone":239,"minecraft:oak_leaves":45,"simplefarming:blueberry_bush":12,"minecraft:fern":6},"minecraft:picked_up":{"minecraft:birch_log":5,"minecraft:charcoal":6,"minecraft:crafting_table":5,"minecraft:andesite":13,"minecraft:leather":4,"minecraft:oak_log":119,"minecraft:string":4,"minecraft:cobblestone_wall":14,"minecraft:cobblestone_stairs":63,"minecraft:blue_bed":7,"minecraft:dirt":124,"minecraft:smooth_stone_slab":13,"minecraft:cooked_mutton":3,"minecraft:bone":1,"minecraft:stone_pickaxe":9,"minecraft:bow":1,"minecraft:stonecutter":1,"minecraft:wheat_seeds":4,"minecraft:iron_ore":21,"minecraft:beef":3,"simplefarming:blueberry_bush":15,"simplefarming:blackberry_bush":2,"minecraft:birch_sapling":3,"minecraft:chest":7,"minecraft:spruce_trapdoor":44,"minecraft:stick":3,"minecraft:sweet_berries":5,"minecraft:torch":32,"minecraft:spruce_stairs":4,"minecraft:spruce_fence":52,"simplefarming:blueberries":18,"minecraft:ink_sac":2,"minecraft:blast_furnace":3,"minecraft:spruce_sapling":3,"minecraft:spruce_log":307,"simplefarming:raw_calamari":3,"simplefarming:blackberries":3,"minecraft:mossy_cobblestone":7,"minecraft:spruce_door":3,"minecraft:stone_sword":9,"minecraft:arrow":2,"minecraft:stone_axe":10,"minecraft:hay_block":2,"minecraft:granite":2,"minecraft:spruce_sign":8,"minecraft:oak_sapling":4,"minecraft:coal":24,"minecraft:cobblestone":325},"minecraft:killed":{"minecraft:spider":2,"minecraft:skeleton":1,"minecraft:zombie":2,"minecraft:villager":1,"minecraft:cow":1}},"DataVersion":2586}