{"stats":{"minecraft:custom":{"minecraft:time_since_rest":6617,"minecraft:crouch_one_cm":5,"minecraft:play_one_minute":6617,"minecraft:sprint_one_cm":22544,"minecraft:damage_taken":190,"minecraft:walk_one_cm":8082,"minecraft:sneak_time":89,"minecraft:jump":53,"minecraft:leave_game":1,"minecraft:walk_on_water_one_cm":117,"minecraft:time_since_death":6617,"minecraft:interact_with_cartography_table":1,"minecraft:fall_one_cm":3253,"minecraft:fly_one_cm":11116},"minecraft:used":{"simplefarming:blackberries":3,"simplefarming:blackberry_bush":1},"minecraft:mined":{"minecraft:grass":1,"minecraft:oak_log":16,"minecraft:crafting_table":1,"minecraft:oak_leaves":3,"simplefarming:blackberry_bush":2,"minecraft:blue_bed":1},"minecraft:picked_up":{"minecraft:crafting_table":1,"minecraft:oak_log":16,"simplefarming:blackberry_bush":2,"minecraft:blue_bed":1,"simplefarming:blackberries":3}},"DataVersion":2586}