{"stats":{"minecraft:custom":{"minecraft:mob_kills":2,"minecraft:interact_with_crafting_table":10,"minecraft:interact_with_cartography_table":1,"minecraft:play_one_minute":66617,"minecraft:bell_ring":9,"minecraft:interact_with_stonecutter":2,"minecraft:leave_game":1,"minecraft:time_since_death":66617,"minecraft:sleep_in_bed":2,"minecraft:time_since_rest":6,"minecraft:sprint_one_cm":136682,"minecraft:damage_taken":410,"minecraft:walk_one_cm":224307,"minecraft:drop":15,"minecraft:damage_dealt":250,"minecraft:fly_one_cm":46954,"minecraft:open_chest":3,"minecraft:crouch_one_cm":388,"minecraft:sneak_time":460,"minecraft:jump":412,"minecraft:walk_on_water_one_cm":150,"minecraft:fall_one_cm":11866},"minecraft:used":{"minecraft:cooked_mutton":3,"minecraft:stone_sword":4,"minecraft:spruce_door":2,"minecraft:cobblestone_stairs":5,"minecraft:stone_pickaxe":151,"minecraft:chest":3,"minecraft:wooden_pickaxe":28,"minecraft:blue_bed":6,"minecraft:stonecutter":1,"simplefarming:blackberry_bush":1,"simplefarming:blueberry_bush":5,"minecraft:torch":2,"minecraft:dirt":14,"minecraft:crafting_table":2,"minecraft:blast_furnace":1,"minecraft:cobblestone_wall":8,"simplefarming:blackberries":3,"minecraft:spruce_log":165,"minecraft:oak_log":25,"minecraft:bread":5,"minecraft:spruce_trapdoor":2,"minecraft:stone_axe":344,"minecraft:cobblestone":77},"minecraft:dropped":{"minecraft:wheat_seeds":4,"minecraft:oak_log":54,"minecraft:cobblestone":1,"minecraft:fern":1,"minecraft:leather":2,"minecraft:spruce_door":1,"minecraft:stick":1,"minecraft:andesite":1,"simplefarming:pea_pod":5,"minecraft:spruce_sapling":3},"minecraft:crafted":{"minecraft:oak_planks":12,"minecraft:wooden_pickaxe":1,"minecraft:stone_axe":3,"minecraft:stick":12,"minecraft:stone_pickaxe":2,"minecraft:cobblestone_wall":17,"minecraft:stone_sword":1},"minecraft:broken":{"minecraft:stone_pickaxe":1,"minecraft:stone_axe":2},"minecraft:mined":{"minecraft:spruce_planks":4,"minecraft:glass_pane":3,"minecraft:mossy_cobblestone":5,"minecraft:cobblestone_stairs":13,"minecraft:spruce_door":1,"minecraft:crafting_table":5,"minecraft:spruce_trapdoor":19,"minecraft:granite":1,"minecraft:blast_furnace":2,"minecraft:grass_block":19,"minecraft:spruce_fence":7,"minecraft:poppy":4,"minecraft:chest":4,"minecraft:cobblestone":96,"minecraft:spruce_leaves":32,"simplefarming:blackberry_bush":2,"minecraft:blue_bed":8,"minecraft:wall_torch":2,"minecraft:large_fern":13,"minecraft:spruce_stairs":4,"minecraft:cobblestone_wall":7,"minecraft:birch_log":5,"minecraft:sweet_berry_bush":2,"minecraft:spruce_log":179,"minecraft:andesite":1,"minecraft:grass_path":4,"minecraft:smooth_stone_slab":11,"minecraft:grass":5,"minecraft:oak_log":68,"minecraft:dirt":18,"minecraft:stonecutter":1,"minecraft:stone":36,"minecraft:oak_leaves":45,"simplefarming:blueberry_bush":8,"minecraft:fern":6},"minecraft:picked_up":{"minecraft:birch_log":5,"minecraft:crafting_table":5,"minecraft:andesite":1,"minecraft:leather":4,"minecraft:oak_log":119,"minecraft:cobblestone_wall":7,"minecraft:cobblestone_stairs":13,"minecraft:dirt":37,"minecraft:blue_bed":7,"minecraft:smooth_stone_slab":13,"minecraft:cooked_mutton":3,"minecraft:stonecutter":1,"minecraft:wheat_seeds":4,"minecraft:beef":3,"simplefarming:blueberry_bush":11,"simplefarming:blackberry_bush":2,"minecraft:birch_sapling":3,"minecraft:chest":4,"minecraft:spruce_trapdoor":19,"minecraft:stick":3,"minecraft:sweet_berries":5,"minecraft:torch":5,"minecraft:spruce_stairs":4,"minecraft:spruce_fence":7,"simplefarming:blueberries":14,"minecraft:spruce_sapling":3,"minecraft:blast_furnace":2,"minecraft:spruce_log":177,"minecraft:spruce_door":3,"simplefarming:blackberries":3,"minecraft:mossy_cobblestone":5,"minecraft:oak_sapling":4,"minecraft:cobblestone":132},"minecraft:killed":{"minecraft:spider":1,"minecraft:cow":1}},"DataVersion":2586}