{
  "minecraft:recipes/decorations/campfire": {
    "criteria": {
      "has_coal": "2024-07-09 21:37:41 +0000"
    },
    "done": true
  },
  "minecraft:recipes/building_blocks/coal_block": {
    "criteria": {
      "has_coal": "2024-07-09 21:37:41 +0000"
    },
    "done": true
  },
  "minecraft:adventure/adventuring_time": {
    "criteria": {
      "minecraft:forest": "2024-07-09 21:36:18 +0000",
      "minecraft:beach": "2024-07-09 21:37:10 +0000",
      "minecraft:plains": "2024-07-09 21:35:54 +0000"
    },
    "done": false
  },
  "DataVersion": 2586
}